run_id,model,tp_size,batch_size,context_len,layer_index,stage,count,mean_ms,p50_ms,p90_ms,min_ms,max_ms
PD-Qwen3-32B-tp2-ctx128-bs512-D,Qwen3-32B-PD-D,2,512,128,0,attention,448,0.14045349987489836,0.1268160045146942,0.1454080045223236,0.10246399790048599,2.337631940841675
PD-Qwen3-32B-tp2-ctx128-bs512-D,Qwen3-32B-PD-D,2,512,128,0,input_layernorm,448,0.005766642817824115,0.004095999989658594,0.005119999870657921,0.0030720001086592674,0.08777599781751633
PD-Qwen3-32B-tp2-ctx128-bs512-D,Qwen3-32B-PD-D,2,512,128,0,mlp,448,0.7011217876736607,0.7360320091247559,0.7750080227851868,0.5622079968452454,2.230272054672241
PD-Qwen3-32B-tp2-ctx128-bs512-D,Qwen3-32B-PD-D,2,512,128,0,o_proj,448,0.16886335741063313,0.17510400712490082,0.2170879989862442,0.0931520015001297,0.6103039979934692
PD-Qwen3-32B-tp2-ctx128-bs512-D,Qwen3-32B-PD-D,2,512,128,0,post_attention_layernorm,448,0.019919999995701283,0.019360000267624855,0.022816000506281853,0.0161920003592968,0.04095999896526337
PD-Qwen3-32B-tp2-ctx128-bs512-D,Qwen3-32B-PD-D,2,512,128,0,qk_norm_rope,448,0.059479071550802995,0.058368001133203506,0.06371200084686279,0.02252800017595291,0.1372160017490387
PD-Qwen3-32B-tp2-ctx128-bs512-D,Qwen3-32B-PD-D,2,512,128,0,qkv_proj,448,0.1419652852429343,0.11283200234174728,0.13619199395179749,0.10335999727249146,4.150271892547607
PD-Qwen3-32B-tp2-ctx128-bs512-D,Qwen3-32B-PD-D,2,512,128,1,attention,448,0.11128150034762387,0.11033599823713303,0.12697599828243256,0.08806400001049042,0.24473600089550018
PD-Qwen3-32B-tp2-ctx128-bs512-D,Qwen3-32B-PD-D,2,512,128,1,input_layernorm,448,0.017497642905384834,0.016736000776290894,0.01945599913597107,0.01360000018030405,0.03807999938726425
PD-Qwen3-32B-tp2-ctx128-bs512-D,Qwen3-32B-PD-D,2,512,128,1,mlp,448,0.6768617143056223,0.7073280215263367,0.7608320116996765,0.5601279735565186,2.1810879707336426
PD-Qwen3-32B-tp2-ctx128-bs512-D,Qwen3-32B-PD-D,2,512,128,1,o_proj,448,0.14455849994971817,0.1518400013446808,0.18636800348758698,0.09100800007581711,0.5793600082397461
PD-Qwen3-32B-tp2-ctx128-bs512-D,Qwen3-32B-PD-D,2,512,128,1,post_attention_layernorm,448,0.01829714293126017,0.017664000391960144,0.020479999482631683,0.015359999611973763,0.03993599861860275
PD-Qwen3-32B-tp2-ctx128-bs512-D,Qwen3-32B-PD-D,2,512,128,1,qk_norm_rope,448,0.051425571395416876,0.0504320003092289,0.05632000043988228,0.04403200000524521,0.09094399958848953
PD-Qwen3-32B-tp2-ctx128-bs512-D,Qwen3-32B-PD-D,2,512,128,1,qkv_proj,448,0.10112342883699707,0.09932799637317657,0.11158400028944016,0.08879999816417694,0.2764799892902374
PD-Qwen3-32B-tp2-ctx128-bs512-D,Qwen3-32B-PD-D,2,512,128,2,attention,448,0.10734085741985057,0.10649599879980087,0.12390399724245071,0.0841279998421669,0.21094399690628052
PD-Qwen3-32B-tp2-ctx128-bs512-D,Qwen3-32B-PD-D,2,512,128,2,input_layernorm,448,0.016804785752486038,0.016383999958634377,0.019360000267624855,0.013311999849975109,0.028672000393271446
PD-Qwen3-32B-tp2-ctx128-bs512-D,Qwen3-32B-PD-D,2,512,128,2,mlp,448,0.6764387147767204,0.7083200216293335,0.7628800272941589,0.5611519813537598,2.1770238876342773
PD-Qwen3-32B-tp2-ctx128-bs512-D,Qwen3-32B-PD-D,2,512,128,2,o_proj,448,0.14241442869284324,0.1515520066022873,0.187391996383667,0.09113600105047226,0.5713919997215271
PD-Qwen3-32B-tp2-ctx128-bs512-D,Qwen3-32B-PD-D,2,512,128,2,post_attention_layernorm,448,0.017763071495989737,0.01740800030529499,0.01945599913597107,0.01462399959564209,0.026623999699950218
PD-Qwen3-32B-tp2-ctx128-bs512-D,Qwen3-32B-PD-D,2,512,128,2,qk_norm_rope,448,0.04970021435292438,0.049215998500585556,0.054336000233888626,0.04198399931192398,0.08988799899816513
PD-Qwen3-32B-tp2-ctx128-bs512-D,Qwen3-32B-PD-D,2,512,128,2,qkv_proj,448,0.10014878617533084,0.09830400347709656,0.11068800091743469,0.08806400001049042,0.27136000990867615
PD-Qwen3-32B-tp2-ctx128-bs512-D,Qwen3-32B-PD-D,2,512,128,3,attention,448,0.10589778612899993,0.10547199845314026,0.12083200365304947,0.08275199681520462,0.2088959962129593
PD-Qwen3-32B-tp2-ctx128-bs512-D,Qwen3-32B-PD-D,2,512,128,3,input_layernorm,448,0.01665678569614621,0.0163199994713068,0.020160000771284103,0.013311999849975109,0.030368000268936157
PD-Qwen3-32B-tp2-ctx128-bs512-D,Qwen3-32B-PD-D,2,512,128,3,mlp,448,0.6768245714317475,0.707584023475647,0.7628800272941589,0.5609279870986938,2.1688320636749268
PD-Qwen3-32B-tp2-ctx128-bs512-D,Qwen3-32B-PD-D,2,512,128,3,o_proj,448,0.1422759287192353,0.15136000514030457,0.18636800348758698,0.08979199826717377,0.6044800281524658
PD-Qwen3-32B-tp2-ctx128-bs512-D,Qwen3-32B-PD-D,2,512,128,3,post_attention_layernorm,448,0.017741928637925803,0.01740800030529499,0.01945599913597107,0.014336000196635723,0.0307839997112751
PD-Qwen3-32B-tp2-ctx128-bs512-D,Qwen3-32B-PD-D,2,512,128,3,qk_norm_rope,448,0.04851928589466427,0.04822399839758873,0.05318399891257286,0.04095999896526337,0.06841599941253662
PD-Qwen3-32B-tp2-ctx128-bs512-D,Qwen3-32B-PD-D,2,512,128,3,qkv_proj,448,0.09987235741157617,0.09830400347709656,0.11036799848079681,0.08883199840784073,0.27001601457595825
PD-Qwen3-32B-tp2-ctx128-bs512-D,Qwen3-32B-PD-D,2,512,128,4,attention,448,0.10475685761775821,0.10416000336408615,0.12083200365304947,0.08191999793052673,0.21292799711227417
PD-Qwen3-32B-tp2-ctx128-bs512-D,Qwen3-32B-PD-D,2,512,128,4,input_layernorm,448,0.016545214295287484,0.016287999227643013,0.01945599913597107,0.013311999849975109,0.028831999748945236
PD-Qwen3-32B-tp2-ctx128-bs512-D,Qwen3-32B-PD-D,2,512,128,4,mlp,448,0.6754104984658105,0.7056959867477417,0.7598080039024353,0.559008002281189,2.181920051574707
PD-Qwen3-32B-tp2-ctx128-bs512-D,Qwen3-32B-PD-D,2,512,128,4,o_proj,448,0.14047942877680594,0.15052799880504608,0.18432000279426575,0.09113600105047226,0.5867519974708557
PD-Qwen3-32B-tp2-ctx128-bs512-D,Qwen3-32B-PD-D,2,512,128,4,post_attention_layernorm,448,0.01760635722686337,0.01740800030529499,0.01958400011062622,0.014336000196635723,0.027648000046610832
PD-Qwen3-32B-tp2-ctx128-bs512-D,Qwen3-32B-PD-D,2,512,128,4,qk_norm_rope,448,0.04801742869728644,0.0480320006608963,0.05222399905323982,0.04102399945259094,0.061216000467538834
PD-Qwen3-32B-tp2-ctx128-bs512-D,Qwen3-32B-PD-D,2,512,128,4,qkv_proj,448,0.0997340717752065,0.09811200201511383,0.11059200018644333,0.08806400001049042,0.2682879865169525
PD-Qwen3-32B-tp2-ctx128-bs512-D,Qwen3-32B-PD-D,2,512,128,5,attention,448,0.10440064318078969,0.10444799810647964,0.12086399644613266,0.08089599758386612,0.2109760046005249
PD-Qwen3-32B-tp2-ctx128-bs512-D,Qwen3-32B-PD-D,2,512,128,5,input_layernorm,448,0.0162812142547669,0.0161920003592968,0.01833599992096424,0.004095999989658594,0.02672000043094158
PD-Qwen3-32B-tp2-ctx128-bs512-D,Qwen3-32B-PD-D,2,512,128,5,mlp,448,0.6765715007537177,0.7086079716682434,0.7618560194969177,0.5591040253639221,2.1770238876342773
PD-Qwen3-32B-tp2-ctx128-bs512-D,Qwen3-32B-PD-D,2,512,128,5,o_proj,448,0.1425274287550045,0.15136000514030457,0.18636800348758698,0.08908800035715103,0.5683199763298035
PD-Qwen3-32B-tp2-ctx128-bs512-D,Qwen3-32B-PD-D,2,512,128,5,post_attention_layernorm,448,0.017738642917330644,0.01740800030529499,0.02175999991595745,0.014336000196635723,0.02848000079393387
PD-Qwen3-32B-tp2-ctx128-bs512-D,Qwen3-32B-PD-D,2,512,128,5,qk_norm_rope,448,0.047734143029499264,0.047200001776218414,0.05305600166320801,0.04095999896526337,0.060416001826524734
PD-Qwen3-32B-tp2-ctx128-bs512-D,Qwen3-32B-PD-D,2,512,128,5,qkv_proj,448,0.09982478613632598,0.09830400347709656,0.11055999994277954,0.08803199976682663,0.2734079957008362
PD-Qwen3-32B-tp2-ctx128-bs512-D,Qwen3-32B-PD-D,2,512,128,6,attention,448,0.10391414315173668,0.10342399775981903,0.11980800330638885,0.08191999793052673,0.20582400262355804
PD-Qwen3-32B-tp2-ctx128-bs512-D,Qwen3-32B-PD-D,2,512,128,6,input_layernorm,448,0.01626821429610053,0.016063999384641647,0.018432000651955605,0.013311999849975109,0.02969600073993206
PD-Qwen3-32B-tp2-ctx128-bs512-D,Qwen3-32B-PD-D,2,512,128,6,mlp,448,0.6753760714616094,0.7086079716682434,0.7608320116996765,0.5621439814567566,2.181056022644043
PD-Qwen3-32B-tp2-ctx128-bs512-D,Qwen3-32B-PD-D,2,512,128,6,o_proj,448,0.14044978597667068,0.15039999783039093,0.18508799374103546,0.09004800021648407,0.5743359923362732
PD-Qwen3-32B-tp2-ctx128-bs512-D,Qwen3-32B-PD-D,2,512,128,6,post_attention_layernorm,448,0.017455642920270163,0.01727999933063984,0.01945599913597107,0.014336000196635723,0.02969600073993206
PD-Qwen3-32B-tp2-ctx128-bs512-D,Qwen3-32B-PD-D,2,512,128,6,qk_norm_rope,448,0.04745114297007343,0.04710400104522705,0.05145600065588951,0.04095999896526337,0.05951999872922897
PD-Qwen3-32B-tp2-ctx128-bs512-D,Qwen3-32B-PD-D,2,512,128,6,qkv_proj,448,0.09956042879327599,0.09830400347709656,0.11036799848079681,0.0870399996638298,0.2682879865169525
PD-Qwen3-32B-tp2-ctx128-bs512-D,Qwen3-32B-PD-D,2,512,128,7,attention,448,0.10352814330586366,0.10239999741315842,0.12083200365304947,0.08089599758386612,0.20787200331687927
PD-Qwen3-32B-tp2-ctx128-bs512-D,Qwen3-32B-PD-D,2,512,128,7,input_layernorm,448,0.016240214269990765,0.016127999871969223,0.01775999926030636,0.013248000293970108,0.030719999223947525
PD-Qwen3-32B-tp2-ctx128-bs512-D,Qwen3-32B-PD-D,2,512,128,7,mlp,448,0.6759249292580145,0.707584023475647,0.7608000040054321,0.5619519948959351,2.174976110458374
PD-Qwen3-32B-tp2-ctx128-bs512-D,Qwen3-32B-PD-D,2,512,128,7,o_proj,448,0.13978628603009774,0.14963200688362122,0.18432000279426575,0.0899519994854927,0.5744640231132507
PD-Qwen3-32B-tp2-ctx128-bs512-D,Qwen3-32B-PD-D,2,512,128,7,post_attention_layernorm,448,0.01754492860969289,0.017343999817967415,0.01945599913597107,0.014336000196635723,0.028672000393271446
PD-Qwen3-32B-tp2-ctx128-bs512-D,Qwen3-32B-PD-D,2,512,128,7,qk_norm_rope,448,0.04726514300065381,0.04710400104522705,0.05119999870657921,0.040863998234272,0.058368001133203506
PD-Qwen3-32B-tp2-ctx128-bs512-D,Qwen3-32B-PD-D,2,512,128,7,qkv_proj,448,0.0993646434508264,0.09801600128412247,0.11059200018644333,0.08803199976682663,0.2672640085220337
PD-Qwen3-32B-tp2-ctx128-bs512-D,Qwen3-32B-PD-D,2,512,128,8,attention,448,0.10329107173518944,0.10239999741315842,0.11974400281906128,0.0809599980711937,0.20787200331687927
PD-Qwen3-32B-tp2-ctx128-bs512-D,Qwen3-32B-PD-D,2,512,128,8,input_layernorm,448,0.016130857111420482,0.015647999942302704,0.01817600056529045,0.013248000293970108,0.027936000376939774
PD-Qwen3-32B-tp2-ctx128-bs512-D,Qwen3-32B-PD-D,2,512,128,8,mlp,448,0.6751595726236701,0.7086079716682434,0.759552001953125,0.5611519813537598,2.165760040283203
PD-Qwen3-32B-tp2-ctx128-bs512-D,Qwen3-32B-PD-D,2,512,128,8,o_proj,448,0.14128978570391024,0.1504960060119629,0.18502399325370789,0.08908800035715103,0.5814719796180725
PD-Qwen3-32B-tp2-ctx128-bs512-D,Qwen3-32B-PD-D,2,512,128,8,post_attention_layernorm,448,0.017327285775016726,0.01724799908697605,0.018751999363303185,0.014336000196635723,0.02470399998128414
PD-Qwen3-32B-tp2-ctx128-bs512-D,Qwen3-32B-PD-D,2,512,128,8,qk_norm_rope,448,0.047188857345775305,0.04710400104522705,0.05119999870657921,0.04073600098490715,0.063680000603199
PD-Qwen3-32B-tp2-ctx128-bs512-D,Qwen3-32B-PD-D,2,512,128,8,qkv_proj,448,0.09931771485467575,0.09728000313043594,0.10963200032711029,0.08905600011348724,0.2734079957008362
PD-Qwen3-32B-tp2-ctx128-bs512-D,Qwen3-32B-PD-D,2,512,128,9,attention,448,0.10330842891042787,0.10307200253009796,0.1188800036907196,0.0798719972372055,0.20790399610996246
PD-Qwen3-32B-tp2-ctx128-bs512-D,Qwen3-32B-PD-D,2,512,128,9,input_layernorm,448,0.016329142824231115,0.016127999871969223,0.01945599913597107,0.01321600005030632,0.02457600086927414
PD-Qwen3-32B-tp2-ctx128-bs512-D,Qwen3-32B-PD-D,2,512,128,9,mlp,448,0.6758275707917554,0.707584023475647,0.7608320116996765,0.5611519813537598,2.170880079269409
PD-Qwen3-32B-tp2-ctx128-bs512-D,Qwen3-32B-PD-D,2,512,128,9,o_proj,448,0.1406896430832733,0.1504639983177185,0.18534399569034576,0.08908800035715103,0.5683199763298035
PD-Qwen3-32B-tp2-ctx128-bs512-D,Qwen3-32B-PD-D,2,512,128,9,post_attention_layernorm,448,0.017484642883313688,0.017311999574303627,0.01945599913597107,0.014336000196635723,0.02796800062060356
PD-Qwen3-32B-tp2-ctx128-bs512-D,Qwen3-32B-PD-D,2,512,128,9,qk_norm_rope,448,0.04741764306423387,0.04710400104522705,0.05257600173354149,0.040031999349594116,0.06441599875688553
PD-Qwen3-32B-tp2-ctx128-bs512-D,Qwen3-32B-PD-D,2,512,128,9,qkv_proj,448,0.09935935764640037,0.09728000313043594,0.11059200018644333,0.0870399996638298,0.2682879865169525
PD-Qwen3-32B-tp2-ctx128-bs512-D,Qwen3-32B-PD-D,2,512,128,10,attention,448,0.10341114334629051,0.10239999741315842,0.11980800330638885,0.0798719972372055,0.20576000213623047
PD-Qwen3-32B-tp2-ctx128-bs512-D,Qwen3-32B-PD-D,2,512,128,10,input_layernorm,448,0.01602135710085609,0.015456000342965126,0.01817600056529045,0.01321600005030632,0.024512000381946564
PD-Qwen3-32B-tp2-ctx128-bs512-D,Qwen3-32B-PD-D,2,512,128,10,mlp,448,0.6750479271369321,0.7086079716682434,0.7598080039024353,0.5609599947929382,2.180095911026001
PD-Qwen3-32B-tp2-ctx128-bs512-D,Qwen3-32B-PD-D,2,512,128,10,o_proj,448,0.14006807166151702,0.15052799880504608,0.18300800025463104,0.09011200070381165,0.5683199763298035
PD-Qwen3-32B-tp2-ctx128-bs512-D,Qwen3-32B-PD-D,2,512,128,10,post_attention_layernorm,448,0.017269071471153957,0.017184000462293625,0.01913600042462349,0.004095999989658594,0.026623999699950218
PD-Qwen3-32B-tp2-ctx128-bs512-D,Qwen3-32B-PD-D,2,512,128,10,qk_norm_rope,448,0.04715821448813325,0.04710400104522705,0.051392000168561935,0.04022400081157684,0.060416001826524734
PD-Qwen3-32B-tp2-ctx128-bs512-D,Qwen3-32B-PD-D,2,512,128,10,qkv_proj,448,0.09925071456070457,0.09728000313043594,0.10972800105810165,0.0870399996638298,0.2693119943141937
PD-Qwen3-32B-tp2-ctx128-bs512-D,Qwen3-32B-PD-D,2,512,128,11,attention,448,0.10289657167491637,0.1013759970664978,0.11878400295972824,0.08003199845552444,0.20479999482631683
PD-Qwen3-32B-tp2-ctx128-bs512-D,Qwen3-32B-PD-D,2,512,128,11,input_layernorm,448,0.016130285695128675,0.016063999384641647,0.01759999990463257,0.01244799979031086,0.027648000046610832
PD-Qwen3-32B-tp2-ctx128-bs512-D,Qwen3-32B-PD-D,2,512,128,11,mlp,448,0.676439143717289,0.7086079716682434,0.7618560194969177,0.5580800175666809,2.1719040870666504
PD-Qwen3-32B-tp2-ctx128-bs512-D,Qwen3-32B-PD-D,2,512,128,11,o_proj,448,0.14051764250533388,0.15052799880504608,0.18329599499702454,0.08806400001049042,0.5693439841270447
PD-Qwen3-32B-tp2-ctx128-bs512-D,Qwen3-32B-PD-D,2,512,128,11,post_attention_layernorm,448,0.01737250001627087,0.017216000705957413,0.01945599913597107,0.014336000196635723,0.03359999880194664
PD-Qwen3-32B-tp2-ctx128-bs512-D,Qwen3-32B-PD-D,2,512,128,11,qk_norm_rope,448,0.04707078587463392,0.04710400104522705,0.05097600072622299,0.040672000497579575,0.07977599650621414
PD-Qwen3-32B-tp2-ctx128-bs512-D,Qwen3-32B-PD-D,2,512,128,11,qkv_proj,448,0.09906678621856761,0.09728000313043594,0.10956799983978271,0.08739200234413147,0.2682879865169525
PD-Qwen3-32B-tp2-ctx128-bs512-D,Qwen3-32B-PD-D,2,512,128,12,attention,448,0.10293885751161724,0.1013759970664978,0.11980800330638885,0.08070400357246399,0.2038400024175644
PD-Qwen3-32B-tp2-ctx128-bs512-D,Qwen3-32B-PD-D,2,512,128,12,input_layernorm,448,0.01595585708647767,0.015424000099301338,0.01740800030529499,0.013183999806642532,0.026623999699950218
PD-Qwen3-32B-tp2-ctx128-bs512-D,Qwen3-32B-PD-D,2,512,128,12,mlp,448,0.6746334292526756,0.7055360078811646,0.7608320116996765,0.5591040253639221,2.174976110458374
PD-Qwen3-32B-tp2-ctx128-bs512-D,Qwen3-32B-PD-D,2,512,128,12,o_proj,448,0.1401594288015206,0.15052799880504608,0.18432000279426575,0.08191999793052673,0.5652480125427246
PD-Qwen3-32B-tp2-ctx128-bs512-D,Qwen3-32B-PD-D,2,512,128,12,post_attention_layernorm,448,0.017309642904105464,0.01664000004529953,0.01945599913597107,0.014336000196635723,0.026623999699950218
PD-Qwen3-32B-tp2-ctx128-bs512-D,Qwen3-32B-PD-D,2,512,128,12,qk_norm_rope,448,0.04713078595731141,0.04710400104522705,0.05132799968123436,0.04022400081157684,0.06143999844789505
PD-Qwen3-32B-tp2-ctx128-bs512-D,Qwen3-32B-PD-D,2,512,128,12,qkv_proj,448,0.09928800040922527,0.0981760025024414,0.10972800105810165,0.08790399879217148,0.26924800872802734
PD-Qwen3-32B-tp2-ctx128-bs512-D,Qwen3-32B-PD-D,2,512,128,13,attention,448,0.10285242891404778,0.1013759970664978,0.11958400160074234,0.08076799660921097,0.20467199385166168
PD-Qwen3-32B-tp2-ctx128-bs512-D,Qwen3-32B-PD-D,2,512,128,13,input_layernorm,448,0.01626314283722812,0.015615999698638916,0.019392000511288643,0.006144000217318535,0.02643200010061264
PD-Qwen3-32B-tp2-ctx128-bs512-D,Qwen3-32B-PD-D,2,512,128,13,mlp,448,0.6762481438262122,0.7097920179367065,0.7618560194969177,0.5611519813537598,2.186944007873535
PD-Qwen3-32B-tp2-ctx128-bs512-D,Qwen3-32B-PD-D,2,512,128,13,o_proj,448,0.14035300020727196,0.15052799880504608,0.18432000279426575,0.08908800035715103,0.5794240236282349
PD-Qwen3-32B-tp2-ctx128-bs512-D,Qwen3-32B-PD-D,2,512,128,13,post_attention_layernorm,448,0.017425000029366595,0.01727999933063984,0.01945599913597107,0.014336000196635723,0.02879999950528145
PD-Qwen3-32B-tp2-ctx128-bs512-D,Qwen3-32B-PD-D,2,512,128,13,qk_norm_rope,448,0.04696357166644053,0.04710400104522705,0.05119999870657921,0.022207999601960182,0.058240000158548355
PD-Qwen3-32B-tp2-ctx128-bs512-D,Qwen3-32B-PD-D,2,512,128,13,qkv_proj,448,0.0993084289532687,0.09753599762916565,0.10969600081443787,0.08806400001049042,0.2720319926738739
PD-Qwen3-32B-tp2-ctx128-bs512-D,Qwen3-32B-PD-D,2,512,128,14,attention,448,0.1027469289588875,0.10239999741315842,0.11878400295972824,0.0798719972372055,0.2088640034198761
PD-Qwen3-32B-tp2-ctx128-bs512-D,Qwen3-32B-PD-D,2,512,128,14,input_layernorm,448,0.015988714252931198,0.01548799965530634,0.01817600056529045,0.004288000054657459,0.025599999353289604
PD-Qwen3-32B-tp2-ctx128-bs512-D,Qwen3-32B-PD-D,2,512,128,14,mlp,448,0.6757081429074917,0.707584023475647,0.7621440291404724,0.5591040253639221,2.1749439239501953
PD-Qwen3-32B-tp2-ctx128-bs512-D,Qwen3-32B-PD-D,2,512,128,14,o_proj,448,0.1408632147525038,0.15084800124168396,0.18614399433135986,0.0878399983048439,0.5905920267105103
PD-Qwen3-32B-tp2-ctx128-bs512-D,Qwen3-32B-PD-D,2,512,128,14,post_attention_layernorm,448,0.017363285762257874,0.017152000218629837,0.020479999482631683,0.014336000196635723,0.025760000571608543
PD-Qwen3-32B-tp2-ctx128-bs512-D,Qwen3-32B-PD-D,2,512,128,14,qk_norm_rope,448,0.04709635732329583,0.04707200080156326,0.05222399905323982,0.03993599861860275,0.06319999694824219
PD-Qwen3-32B-tp2-ctx128-bs512-D,Qwen3-32B-PD-D,2,512,128,14,qkv_proj,448,0.09942292864434421,0.09830400347709656,0.10937599837779999,0.08723200112581253,0.2731199860572815
PD-Qwen3-32B-tp2-ctx128-bs512-D,Qwen3-32B-PD-D,2,512,128,15,attention,448,0.10266721459837365,0.1013759970664978,0.11980800330638885,0.08079999685287476,0.20582400262355804
PD-Qwen3-32B-tp2-ctx128-bs512-D,Qwen3-32B-PD-D,2,512,128,15,input_layernorm,448,0.016067785643307225,0.015424000099301338,0.018432000651955605,0.013311999849975109,0.025599999353289604
PD-Qwen3-32B-tp2-ctx128-bs512-D,Qwen3-32B-PD-D,2,512,128,15,mlp,448,0.6741021433845162,0.7034879922866821,0.7588800191879272,0.5589119791984558,2.169856071472168
PD-Qwen3-32B-tp2-ctx128-bs512-D,Qwen3-32B-PD-D,2,512,128,15,o_proj,448,0.14027028600685298,0.15052799880504608,0.18636800348758698,0.08806400001049042,0.5744640231132507
PD-Qwen3-32B-tp2-ctx128-bs512-D,Qwen3-32B-PD-D,2,512,128,15,post_attention_layernorm,448,0.01742771437108916,0.017152000218629837,0.01945599913597107,0.014336000196635723,0.02969600073993206
PD-Qwen3-32B-tp2-ctx128-bs512-D,Qwen3-32B-PD-D,2,512,128,15,qk_norm_rope,448,0.046908643013531606,0.04710400104522705,0.05113599821925163,0.04028800129890442,0.060416001826524734
PD-Qwen3-32B-tp2-ctx128-bs512-D,Qwen3-32B-PD-D,2,512,128,15,qkv_proj,448,0.0991051432210952,0.0981760025024414,0.10953599959611893,0.08876799792051315,0.2682879865169525
PD-Qwen3-32B-tp2-ctx128-bs512-D,Qwen3-32B-PD-D,2,512,128,16,attention,448,0.10236671457200178,0.10041599720716476,0.11945600062608719,0.0798719972372055,0.20479999482631683
PD-Qwen3-32B-tp2-ctx128-bs512-D,Qwen3-32B-PD-D,2,512,128,16,input_layernorm,448,0.015946642790887772,0.015359999611973763,0.018079999834299088,0.013120000250637531,0.02579200081527233
PD-Qwen3-32B-tp2-ctx128-bs512-D,Qwen3-32B-PD-D,2,512,128,16,mlp,448,0.6752529294629183,0.7096319794654846,0.7596480250358582,0.5581120252609253,2.162911891937256
PD-Qwen3-32B-tp2-ctx128-bs512-D,Qwen3-32B-PD-D,2,512,128,16,o_proj,448,0.14091714306934072,0.15052799880504608,0.18432000279426575,0.08912000060081482,0.5806080102920532
PD-Qwen3-32B-tp2-ctx128-bs512-D,Qwen3-32B-PD-D,2,512,128,16,post_attention_layernorm,448,0.017189571423971626,0.016607999801635742,0.018719999119639397,0.014336000196635723,0.035840000957250595
PD-Qwen3-32B-tp2-ctx128-bs512-D,Qwen3-32B-PD-D,2,512,128,16,qk_norm_rope,448,0.04691121447831392,0.04700800031423569,0.05119999870657921,0.03993599861860275,0.07168000191450119
PD-Qwen3-32B-tp2-ctx128-bs512-D,Qwen3-32B-PD-D,2,512,128,16,qkv_proj,448,0.09911178624523538,0.09728000313043594,0.11023999750614166,0.0870399996638298,0.2672640085220337
PD-Qwen3-32B-tp2-ctx128-bs512-D,Qwen3-32B-PD-D,2,512,128,17,attention,448,0.102282928934853,0.1013759970664978,0.11971200257539749,0.0798719972372055,0.20473599433898926
PD-Qwen3-32B-tp2-ctx128-bs512-D,Qwen3-32B-PD-D,2,512,128,17,input_layernorm,448,0.016152642810733857,0.01539199985563755,0.019231999292969704,0.013311999849975109,0.02953599952161312
PD-Qwen3-32B-tp2-ctx128-bs512-D,Qwen3-32B-PD-D,2,512,128,17,mlp,448,0.6754568573087454,0.707584023475647,0.7628160119056702,0.5581439733505249,2.184191942214966
PD-Qwen3-32B-tp2-ctx128-bs512-D,Qwen3-32B-PD-D,2,512,128,17,o_proj,448,0.14043435697177692,0.15052799880504608,0.18432000279426575,0.08806400001049042,0.5725119709968567
PD-Qwen3-32B-tp2-ctx128-bs512-D,Qwen3-32B-PD-D,2,512,128,17,post_attention_layernorm,448,0.01737235720793251,0.01708799973130226,0.020479999482631683,0.014336000196635723,0.027648000046610832
PD-Qwen3-32B-tp2-ctx128-bs512-D,Qwen3-32B-PD-D,2,512,128,17,qk_norm_rope,448,0.047040428808291575,0.04700800031423569,0.051392000168561935,0.04073600098490715,0.0655359998345375
PD-Qwen3-32B-tp2-ctx128-bs512-D,Qwen3-32B-PD-D,2,512,128,17,qkv_proj,448,0.09915400055303637,0.09728000313043594,0.10956799983978271,0.08774399757385254,0.2693119943141937
PD-Qwen3-32B-tp2-ctx128-bs512-D,Qwen3-32B-PD-D,2,512,128,18,attention,448,0.10224478598684072,0.1013759970664978,0.11878400295972824,0.08019199967384338,0.2046400010585785
PD-Qwen3-32B-tp2-ctx128-bs512-D,Qwen3-32B-PD-D,2,512,128,18,input_layernorm,448,0.015973785673850216,0.01548799965530634,0.017535999417304993,0.01235199999064207,0.025599999353289604
PD-Qwen3-32B-tp2-ctx128-bs512-D,Qwen3-32B-PD-D,2,512,128,18,mlp,448,0.6756424995671425,0.707584023475647,0.7628800272941589,0.5592960119247437,2.184191942214966
PD-Qwen3-32B-tp2-ctx128-bs512-D,Qwen3-32B-PD-D,2,512,128,18,o_proj,448,0.1401365718504946,0.15043200552463531,0.18432000279426575,0.08879999816417694,0.5762240290641785
PD-Qwen3-32B-tp2-ctx128-bs512-D,Qwen3-32B-PD-D,2,512,128,18,post_attention_layernorm,448,0.017434857159969397,0.01724799908697605,0.020416000857949257,0.014336000196635723,0.0289280004799366
PD-Qwen3-32B-tp2-ctx128-bs512-D,Qwen3-32B-PD-D,2,512,128,18,qk_norm_rope,448,0.04692014308446752,0.047040000557899475,0.05119999870657921,0.03993599861860275,0.06444799900054932
PD-Qwen3-32B-tp2-ctx128-bs512-D,Qwen3-32B-PD-D,2,512,128,18,qkv_proj,448,0.0990822861536539,0.09728000313043594,0.10956799983978271,0.08803199976682663,0.2691839933395386
PD-Qwen3-32B-tp2-ctx128-bs512-D,Qwen3-32B-PD-D,2,512,128,19,attention,448,0.10252807179598936,0.10224000364542007,0.11980800330638885,0.06758400052785873,0.20563200116157532
PD-Qwen3-32B-tp2-ctx128-bs512-D,Qwen3-32B-PD-D,2,512,128,19,input_layernorm,448,0.016161071402685984,0.015519999898970127,0.018432000651955605,0.012608000077307224,0.027871999889612198
PD-Qwen3-32B-tp2-ctx128-bs512-D,Qwen3-32B-PD-D,2,512,128,19,mlp,448,0.6746234292430537,0.7056639790534973,0.7586560249328613,0.5611519813537598,2.174175977706909
PD-Qwen3-32B-tp2-ctx128-bs512-D,Qwen3-32B-PD-D,2,512,128,19,o_proj,448,0.14007814359917706,0.150176003575325,0.18432000279426575,0.0870399996638298,0.5744640231132507
PD-Qwen3-32B-tp2-ctx128-bs512-D,Qwen3-32B-PD-D,2,512,128,19,post_attention_layernorm,448,0.01735150002475296,0.017152000218629837,0.020479999482631683,0.014336000196635723,0.025536000728607178
PD-Qwen3-32B-tp2-ctx128-bs512-D,Qwen3-32B-PD-D,2,512,128,19,qk_norm_rope,448,0.046891143054900955,0.04694399982690811,0.05119999870657921,0.04012800008058548,0.06451199948787689
PD-Qwen3-32B-tp2-ctx128-bs512-D,Qwen3-32B-PD-D,2,512,128,19,qkv_proj,448,0.09927007166801818,0.09830400347709656,0.10956799983978271,0.0867839977145195,0.26796799898147583
PD-Qwen3-32B-tp2-ctx128-bs512-D,Qwen3-32B-PD-D,2,512,128,20,attention,448,0.10291135728558791,0.10239999741315842,0.11964800208806992,0.07977599650621414,0.20479999482631683
PD-Qwen3-32B-tp2-ctx128-bs512-D,Qwen3-32B-PD-D,2,512,128,20,input_layernorm,448,0.015959571415026273,0.015424000099301338,0.018239999189972878,0.013311999849975109,0.025599999353289604
PD-Qwen3-32B-tp2-ctx128-bs512-D,Qwen3-32B-PD-D,2,512,128,20,mlp,448,0.67482192920787,0.7065600156784058,0.7618560194969177,0.5591040253639221,2.181119918823242
PD-Qwen3-32B-tp2-ctx128-bs512-D,Qwen3-32B-PD-D,2,512,128,20,o_proj,448,0.14040428591293416,0.15052799880504608,0.18432000279426575,0.08806400001049042,0.5745919942855835
PD-Qwen3-32B-tp2-ctx128-bs512-D,Qwen3-32B-PD-D,2,512,128,20,post_attention_layernorm,448,0.017225928596287434,0.017055999487638474,0.0191040001809597,0.014336000196635723,0.02755199931561947
PD-Qwen3-32B-tp2-ctx128-bs512-D,Qwen3-32B-PD-D,2,512,128,20,qk_norm_rope,448,0.04714057157564509,0.04710400104522705,0.05222399905323982,0.016448000445961952,0.06047999858856201
PD-Qwen3-32B-tp2-ctx128-bs512-D,Qwen3-32B-PD-D,2,512,128,20,qkv_proj,448,0.09915764313856405,0.09728000313043594,0.10956799983978271,0.08899199962615967,0.2672959864139557
PD-Qwen3-32B-tp2-ctx128-bs512-D,Qwen3-32B-PD-D,2,512,128,21,attention,448,0.10227992872907114,0.10214400291442871,0.11955200135707855,0.07913599908351898,0.2059520035982132
PD-Qwen3-32B-tp2-ctx128-bs512-D,Qwen3-32B-PD-D,2,512,128,21,input_layernorm,448,0.01600335708852591,0.015424000099301338,0.01759999990463257,0.013311999849975109,0.02457600086927414
PD-Qwen3-32B-tp2-ctx128-bs512-D,Qwen3-32B-PD-D,2,512,128,21,mlp,448,0.6757450006636125,0.7065600156784058,0.7619199752807617,0.5613759756088257,2.170880079269409
PD-Qwen3-32B-tp2-ctx128-bs512-D,Qwen3-32B-PD-D,2,512,128,21,o_proj,448,0.1397519288085667,0.15119999647140503,0.18227200210094452,0.08806400001049042,0.5693439841270447
PD-Qwen3-32B-tp2-ctx128-bs512-D,Qwen3-32B-PD-D,2,512,128,21,post_attention_layernorm,448,0.017497214328614064,0.017184000462293625,0.020479999482631683,0.014336000196635723,0.04524800181388855
PD-Qwen3-32B-tp2-ctx128-bs512-D,Qwen3-32B-PD-D,2,512,128,21,qk_norm_rope,448,0.04692678585083091,0.04710400104522705,0.05110400170087814,0.03993599861860275,0.06323199719190598
PD-Qwen3-32B-tp2-ctx128-bs512-D,Qwen3-32B-PD-D,2,512,128,21,qkv_proj,448,0.09929128611526851,0.09824000298976898,0.10956799983978271,0.0870399996638298,0.2682879865169525
PD-Qwen3-32B-tp2-ctx128-bs512-D,Qwen3-32B-PD-D,2,512,128,22,attention,448,0.10248878594887044,0.1013759970664978,0.11878400295972824,0.07916799932718277,0.20377600193023682
PD-Qwen3-32B-tp2-ctx128-bs512-D,Qwen3-32B-PD-D,2,512,128,22,input_layernorm,448,0.015860357126387368,0.01539199985563755,0.01740800030529499,0.005119999870657921,0.02457600086927414
PD-Qwen3-32B-tp2-ctx128-bs512-D,Qwen3-32B-PD-D,2,512,128,22,mlp,448,0.675300072745553,0.7078719735145569,0.7598080039024353,0.5591040253639221,2.1688320636749268
PD-Qwen3-32B-tp2-ctx128-bs512-D,Qwen3-32B-PD-D,2,512,128,22,o_proj,448,0.14023814292158931,0.15123200416564941,0.18345600366592407,0.08908800035715103,0.5693439841270447
PD-Qwen3-32B-tp2-ctx128-bs512-D,Qwen3-32B-PD-D,2,512,128,22,post_attention_layernorm,448,0.017115642884164117,0.016672000288963318,0.018432000651955605,0.014336000196635723,0.026623999699950218
PD-Qwen3-32B-tp2-ctx128-bs512-D,Qwen3-32B-PD-D,2,512,128,22,qk_norm_rope,448,0.047003285884524564,0.047040000557899475,0.05215999856591225,0.040832001715898514,0.06867200136184692
PD-Qwen3-32B-tp2-ctx128-bs512-D,Qwen3-32B-PD-D,2,512,128,22,qkv_proj,448,0.09914564329665154,0.09731200337409973,0.11033599823713303,0.07884799689054489,0.2682879865169525
PD-Qwen3-32B-tp2-ctx128-bs512-D,Qwen3-32B-PD-D,2,512,128,23,attention,448,0.10275007179006934,0.10239999741315842,0.11878400295972824,0.0798719972372055,0.20707200467586517
PD-Qwen3-32B-tp2-ctx128-bs512-D,Qwen3-32B-PD-D,2,512,128,23,input_layernorm,448,0.016006499986230795,0.015456000342965126,0.017503999173641205,0.013311999849975109,0.02848000079393387
PD-Qwen3-32B-tp2-ctx128-bs512-D,Qwen3-32B-PD-D,2,512,128,23,mlp,448,0.6756107859047396,0.707584023475647,0.7626879811286926,0.5601279735565186,2.1760001182556152
PD-Qwen3-32B-tp2-ctx128-bs512-D,Qwen3-32B-PD-D,2,512,128,23,o_proj,448,0.14012064319103956,0.15052799880504608,0.18432000279426575,0.08806400001049042,0.5939199924468994
PD-Qwen3-32B-tp2-ctx128-bs512-D,Qwen3-32B-PD-D,2,512,128,23,post_attention_layernorm,448,0.017392071471216956,0.017216000705957413,0.01945599913597107,0.014336000196635723,0.033824000507593155
PD-Qwen3-32B-tp2-ctx128-bs512-D,Qwen3-32B-PD-D,2,512,128,23,qk_norm_rope,448,0.04702750026314918,0.046911999583244324,0.052032001316547394,0.040031999349594116,0.060416001826524734
PD-Qwen3-32B-tp2-ctx128-bs512-D,Qwen3-32B-PD-D,2,512,128,23,qkv_proj,448,0.0991058574789869,0.09728000313043594,0.10956799983978271,0.0870399996638298,0.27561599016189575
PD-Qwen3-32B-tp2-ctx128-bs512-D,Qwen3-32B-PD-D,2,512,128,24,attention,448,0.10240035733607199,0.10214400291442871,0.11980800330638885,0.07884799689054489,0.20505599677562714
PD-Qwen3-32B-tp2-ctx128-bs512-D,Qwen3-32B-PD-D,2,512,128,24,input_layernorm,448,0.01595292855095717,0.01539199985563755,0.018112000077962875,0.013248000293970108,0.027648000046610832
PD-Qwen3-32B-tp2-ctx128-bs512-D,Qwen3-32B-PD-D,2,512,128,24,mlp,448,0.6747455004868763,0.7074559926986694,0.7588160037994385,0.5594239830970764,2.1781439781188965
PD-Qwen3-32B-tp2-ctx128-bs512-D,Qwen3-32B-PD-D,2,512,128,24,o_proj,448,0.1406240715545469,0.15036800503730774,0.18534399569034576,0.08895999938249588,0.5742400288581848
PD-Qwen3-32B-tp2-ctx128-bs512-D,Qwen3-32B-PD-D,2,512,128,24,post_attention_layernorm,448,0.01702900000756407,0.016543999314308167,0.018432000651955605,0.014336000196635723,0.025599999353289604
PD-Qwen3-32B-tp2-ctx128-bs512-D,Qwen3-32B-PD-D,2,512,128,24,qk_norm_rope,448,0.04701335726089643,0.046879999339580536,0.05222399905323982,0.026655999943614006,0.1225920021533966
PD-Qwen3-32B-tp2-ctx128-bs512-D,Qwen3-32B-PD-D,2,512,128,24,qkv_proj,448,0.09934221462546182,0.0981760025024414,0.1098560020327568,0.0870399996638298,0.2682879865169525
PD-Qwen3-32B-tp2-ctx128-bs512-D,Qwen3-32B-PD-D,2,512,128,25,attention,448,0.10237128620168992,0.10121600329875946,0.11878400295972824,0.07952000200748444,0.20479999482631683
PD-Qwen3-32B-tp2-ctx128-bs512-D,Qwen3-32B-PD-D,2,512,128,25,input_layernorm,448,0.015989785677187944,0.01548799965530634,0.017472000792622566,0.013183999806642532,0.02470399998128414
PD-Qwen3-32B-tp2-ctx128-bs512-D,Qwen3-32B-PD-D,2,512,128,25,mlp,448,0.6757192879116961,0.7097600102424622,0.7608320116996765,0.5601279735565186,2.157536029815674
PD-Qwen3-32B-tp2-ctx128-bs512-D,Qwen3-32B-PD-D,2,512,128,25,o_proj,448,0.1404729290765577,0.14979200065135956,0.18432000279426575,0.08726400136947632,0.5826560258865356
PD-Qwen3-32B-tp2-ctx128-bs512-D,Qwen3-32B-PD-D,2,512,128,25,post_attention_layernorm,448,0.01728835717637724,0.01711999997496605,0.01926399953663349,0.004095999989658594,0.04495999962091446
PD-Qwen3-32B-tp2-ctx128-bs512-D,Qwen3-32B-PD-D,2,512,128,25,qk_norm_rope,448,0.04677957160830764,0.046911999583244324,0.05119999870657921,0.03993599861860275,0.0613120011985302
PD-Qwen3-32B-tp2-ctx128-bs512-D,Qwen3-32B-PD-D,2,512,128,25,qkv_proj,448,0.09922378624988985,0.09808000177145004,0.10956799983978271,0.0870399996638298,0.27136000990867615
PD-Qwen3-32B-tp2-ctx128-bs512-D,Qwen3-32B-PD-D,2,512,128,26,attention,448,0.10230950011672187,0.1013759970664978,0.11878400295972824,0.0798719972372055,0.2056960016489029
PD-Qwen3-32B-tp2-ctx128-bs512-D,Qwen3-32B-PD-D,2,512,128,26,input_layernorm,448,0.015973642805225348,0.01539199985563755,0.018112000077962875,0.012319999746978283,0.026623999699950218
PD-Qwen3-32B-tp2-ctx128-bs512-D,Qwen3-32B-PD-D,2,512,128,26,mlp,448,0.6750924991709846,0.7062399983406067,0.7605760097503662,0.5601279735565186,2.180095911026001
PD-Qwen3-32B-tp2-ctx128-bs512-D,Qwen3-32B-PD-D,2,512,128,26,o_proj,448,0.14114271451918675,0.15052799880504608,0.1855359971523285,0.08908800035715103,0.5713599920272827
PD-Qwen3-32B-tp2-ctx128-bs512-D,Qwen3-32B-PD-D,2,512,128,26,post_attention_layernorm,448,0.017226214296117957,0.01708799973130226,0.01926399953663349,0.014208000153303146,0.027648000046610832
PD-Qwen3-32B-tp2-ctx128-bs512-D,Qwen3-32B-PD-D,2,512,128,26,qk_norm_rope,448,0.047163642992797704,0.04710400104522705,0.05222399905323982,0.03993599861860275,0.062463998794555664
PD-Qwen3-32B-tp2-ctx128-bs512-D,Qwen3-32B-PD-D,2,512,128,26,qkv_proj,448,0.09905192901247314,0.09728000313043594,0.10956799983978271,0.08908800035715103,0.2672640085220337
PD-Qwen3-32B-tp2-ctx128-bs512-D,Qwen3-32B-PD-D,2,512,128,27,attention,448,0.10204642881373209,0.10067199915647507,0.11878400295972824,0.07971200346946716,0.2046400010585785
PD-Qwen3-32B-tp2-ctx128-bs512-D,Qwen3-32B-PD-D,2,512,128,27,input_layernorm,448,0.01584821425370007,0.015359999611973763,0.01740800030529499,0.013279999606311321,0.025599999353289604
PD-Qwen3-32B-tp2-ctx128-bs512-D,Qwen3-32B-PD-D,2,512,128,27,mlp,448,0.6754568578409297,0.7079039812088013,0.7620159983634949,0.5611199736595154,2.169856071472168
PD-Qwen3-32B-tp2-ctx128-bs512-D,Qwen3-32B-PD-D,2,512,128,27,o_proj,448,0.14025800016575626,0.15052799880504608,0.18432000279426575,0.08905600011348724,0.5754240155220032
PD-Qwen3-32B-tp2-ctx128-bs512-D,Qwen3-32B-PD-D,2,512,128,27,post_attention_layernorm,448,0.01737178571680228,0.01724799908697605,0.01945599913597107,0.014336000196635723,0.025599999353289604
PD-Qwen3-32B-tp2-ctx128-bs512-D,Qwen3-32B-PD-D,2,512,128,27,qk_norm_rope,448,0.046929785782205205,0.04700800031423569,0.05119999870657921,0.03993599861860275,0.062144000083208084
PD-Qwen3-32B-tp2-ctx128-bs512-D,Qwen3-32B-PD-D,2,512,128,27,qkv_proj,448,0.09892657192956124,0.09728000313043594,0.11043199896812439,0.0870399996638298,0.267551988363266
PD-Qwen3-32B-tp2-ctx128-bs512-D,Qwen3-32B-PD-D,2,512,128,28,attention,448,0.10216964310633816,0.10230399668216705,0.11878400295972824,0.07913599908351898,0.2046079933643341
PD-Qwen3-32B-tp2-ctx128-bs512-D,Qwen3-32B-PD-D,2,512,128,28,input_layernorm,448,0.015998285654599646,0.015519999898970127,0.01756799966096878,0.013151999562978745,0.026655999943614006
PD-Qwen3-32B-tp2-ctx128-bs512-D,Qwen3-32B-PD-D,2,512,128,28,mlp,448,0.6753733589180878,0.7073280215263367,0.7616320252418518,0.5601279735565186,2.1727681159973145
PD-Qwen3-32B-tp2-ctx128-bs512-D,Qwen3-32B-PD-D,2,512,128,28,o_proj,448,0.14013835719587014,0.1502400040626526,0.18409599363803864,0.08806400001049042,0.5683199763298035
PD-Qwen3-32B-tp2-ctx128-bs512-D,Qwen3-32B-PD-D,2,512,128,28,post_attention_layernorm,448,0.01710678573207198,0.016607999801635742,0.018464000895619392,0.014336000196635723,0.042047999799251556
PD-Qwen3-32B-tp2-ctx128-bs512-D,Qwen3-32B-PD-D,2,512,128,28,qk_norm_rope,448,0.04699528586518552,0.04710400104522705,0.0514880008995533,0.040063999593257904,0.06147199869155884
PD-Qwen3-32B-tp2-ctx128-bs512-D,Qwen3-32B-PD-D,2,512,128,28,qkv_proj,448,0.09915728607614126,0.09756799787282944,0.10943999886512756,0.0870399996638298,0.2693119943141937
PD-Qwen3-32B-tp2-ctx128-bs512-D,Qwen3-32B-PD-D,2,512,128,29,attention,448,0.10203864289048527,0.10127999633550644,0.11964800208806992,0.0798719972372055,0.20902399718761444
PD-Qwen3-32B-tp2-ctx128-bs512-D,Qwen3-32B-PD-D,2,512,128,29,input_layernorm,448,0.016194571406231262,0.015552000142633915,0.01942400075495243,0.013120000250637531,0.026335999369621277
PD-Qwen3-32B-tp2-ctx128-bs512-D,Qwen3-32B-PD-D,2,512,128,29,mlp,448,0.6753595716186932,0.7056319713592529,0.7608320116996765,0.5591040253639221,2.1626880168914795
PD-Qwen3-32B-tp2-ctx128-bs512-D,Qwen3-32B-PD-D,2,512,128,29,o_proj,448,0.14034728616076922,0.14963200688362122,0.18329599499702454,0.09004800021648407,0.5724160075187683
PD-Qwen3-32B-tp2-ctx128-bs512-D,Qwen3-32B-PD-D,2,512,128,29,post_attention_layernorm,448,0.01726407149024973,0.017184000462293625,0.019392000511288643,0.014336000196635723,0.026464000344276428
PD-Qwen3-32B-tp2-ctx128-bs512-D,Qwen3-32B-PD-D,2,512,128,29,qk_norm_rope,448,0.04652407160028815,0.04630399867892265,0.05027199909090996,0.040192000567913055,0.05926400050520897
PD-Qwen3-32B-tp2-ctx128-bs512-D,Qwen3-32B-PD-D,2,512,128,29,qkv_proj,448,0.09930900051923734,0.09801600128412247,0.10956799983978271,0.08687999844551086,0.2682879865169525
PD-Qwen3-32B-tp2-ctx128-bs512-D,Qwen3-32B-PD-D,2,512,128,30,attention,448,0.10252764310488212,0.1013759970664978,0.11878400295972824,0.0798719972372055,0.2051199972629547
PD-Qwen3-32B-tp2-ctx128-bs512-D,Qwen3-32B-PD-D,2,512,128,30,input_layernorm,448,0.016102357127238065,0.015519999898970127,0.01836800016462803,0.013183999806642532,0.024671999737620354
PD-Qwen3-32B-tp2-ctx128-bs512-D,Qwen3-32B-PD-D,2,512,128,30,mlp,448,0.6748356431988733,0.707584023475647,0.7598080039024353,0.5580800175666809,2.1719040870666504
PD-Qwen3-32B-tp2-ctx128-bs512-D,Qwen3-32B-PD-D,2,512,128,30,o_proj,448,0.14043328605060065,0.1515520066022873,0.18432000279426575,0.08793599903583527,0.5783039927482605
PD-Qwen3-32B-tp2-ctx128-bs512-D,Qwen3-32B-PD-D,2,512,128,30,post_attention_layernorm,448,0.017163500002685135,0.01708799973130226,0.018624000251293182,0.014336000196635723,0.026559999212622643
PD-Qwen3-32B-tp2-ctx128-bs512-D,Qwen3-32B-PD-D,2,512,128,30,qk_norm_rope,448,0.04721500016083675,0.04710400104522705,0.05222399905323982,0.03891199827194214,0.08364800363779068
PD-Qwen3-32B-tp2-ctx128-bs512-D,Qwen3-32B-PD-D,2,512,128,30,qkv_proj,448,0.09924771453786109,0.09728000313043594,0.10956799983978271,0.0870399996638298,0.2691519856452942
PD-Qwen3-32B-tp2-ctx128-bs512-D,Qwen3-32B-PD-D,2,512,128,31,attention,448,0.10218614329850036,0.10121600329875946,0.11846400052309036,0.0798719972372055,0.20556800067424774
PD-Qwen3-32B-tp2-ctx128-bs512-D,Qwen3-32B-PD-D,2,512,128,31,input_layernorm,448,0.015913642799465118,0.01539199985563755,0.01740800030529499,0.013183999806642532,0.024288000538945198
PD-Qwen3-32B-tp2-ctx128-bs512-D,Qwen3-32B-PD-D,2,512,128,31,mlp,448,0.6754176433065108,0.7065600156784058,0.7611200213432312,0.5601279735565186,2.1717119216918945
PD-Qwen3-32B-tp2-ctx128-bs512-D,Qwen3-32B-PD-D,2,512,128,31,o_proj,448,0.14080107213729726,0.15052799880504608,0.18432000279426575,0.08908800035715103,0.5744640231132507
PD-Qwen3-32B-tp2-ctx128-bs512-D,Qwen3-32B-PD-D,2,512,128,31,post_attention_layernorm,448,0.017247000025236048,0.016575999557971954,0.01945599913597107,0.014336000196635723,0.030912000685930252
PD-Qwen3-32B-tp2-ctx128-bs512-D,Qwen3-32B-PD-D,2,512,128,31,qk_norm_rope,448,0.046891357408769964,0.0469760000705719,0.05206400156021118,0.04025600105524063,0.06006399914622307
PD-Qwen3-32B-tp2-ctx128-bs512-D,Qwen3-32B-PD-D,2,512,128,31,qkv_proj,448,0.0994200720119157,0.09728000313043594,0.10956799983978271,0.08726400136947632,0.2682879865169525
PD-Qwen3-32B-tp2-ctx128-bs512-D,Qwen3-32B-PD-D,2,512,128,32,attention,448,0.10220700033408191,0.10124800354242325,0.11878400295972824,0.0798719972372055,0.2035519927740097
PD-Qwen3-32B-tp2-ctx128-bs512-D,Qwen3-32B-PD-D,2,512,128,32,input_layernorm,448,0.015982571405142414,0.015359999611973763,0.01836800016462803,0.013151999562978745,0.026528000831604004
PD-Qwen3-32B-tp2-ctx128-bs512-D,Qwen3-32B-PD-D,2,512,128,32,mlp,448,0.6745954287637558,0.7063680291175842,0.7608320116996765,0.5611519813537598,2.169919967651367
PD-Qwen3-32B-tp2-ctx128-bs512-D,Qwen3-32B-PD-D,2,512,128,32,o_proj,448,0.14049092879784958,0.15052799880504608,0.18432000279426575,0.09113600105047226,0.5724160075187683
PD-Qwen3-32B-tp2-ctx128-bs512-D,Qwen3-32B-PD-D,2,512,128,32,post_attention_layernorm,448,0.017149214318903563,0.016704000532627106,0.018624000251293182,0.014336000196635723,0.030719999223947525
PD-Qwen3-32B-tp2-ctx128-bs512-D,Qwen3-32B-PD-D,2,512,128,32,qk_norm_rope,448,0.046704000111536255,0.04636799916625023,0.05110400170087814,0.03996799886226654,0.070592001080513
PD-Qwen3-32B-tp2-ctx128-bs512-D,Qwen3-32B-PD-D,2,512,128,32,qkv_proj,448,0.09908657191720392,0.09728000313043594,0.11027199774980545,0.0870399996638298,0.26841598749160767
PD-Qwen3-32B-tp2-ctx128-bs512-D,Qwen3-32B-PD-D,2,512,128,33,attention,448,0.10206364309747837,0.1013759970664978,0.11878400295972824,0.0806720033288002,0.20582400262355804
PD-Qwen3-32B-tp2-ctx128-bs512-D,Qwen3-32B-PD-D,2,512,128,33,input_layernorm,448,0.016043357108303877,0.015456000342965126,0.017535999417304993,0.013151999562978745,0.026623999699950218
PD-Qwen3-32B-tp2-ctx128-bs512-D,Qwen3-32B-PD-D,2,512,128,33,mlp,448,0.6752300710816469,0.707584023475647,0.7608320116996765,0.5590720176696777,2.170880079269409
PD-Qwen3-32B-tp2-ctx128-bs512-D,Qwen3-32B-PD-D,2,512,128,33,o_proj,448,0.14072578594953353,0.1504960060119629,0.18534399569034576,0.09011200070381165,0.564191997051239
PD-Qwen3-32B-tp2-ctx128-bs512-D,Qwen3-32B-PD-D,2,512,128,33,post_attention_layernorm,448,0.017198142882469774,0.016736000776290894,0.01865600049495697,0.014336000196635723,0.026335999369621277
PD-Qwen3-32B-tp2-ctx128-bs512-D,Qwen3-32B-PD-D,2,512,128,33,qk_norm_rope,448,0.04687842880541991,0.04710400104522705,0.05119999870657921,0.03993599861860275,0.07680000364780426
PD-Qwen3-32B-tp2-ctx128-bs512-D,Qwen3-32B-PD-D,2,512,128,33,qkv_proj,448,0.09916950033844582,0.09814400225877762,0.10950399935245514,0.0870399996638298,0.27136000990867615
PD-Qwen3-32B-tp2-ctx128-bs512-D,Qwen3-32B-PD-D,2,512,128,34,attention,448,0.10191542869766376,0.1016639992594719,0.11852800101041794,0.08006399869918823,0.20822399854660034
PD-Qwen3-32B-tp2-ctx128-bs512-D,Qwen3-32B-PD-D,2,512,128,34,input_layernorm,448,0.015979928523717848,0.01539199985563755,0.01740800030529499,0.013311999849975109,0.025696000084280968
PD-Qwen3-32B-tp2-ctx128-bs512-D,Qwen3-32B-PD-D,2,512,128,34,mlp,448,0.6750677146815828,0.7067840099334717,0.7608320116996765,0.5580800175666809,2.171679973602295
PD-Qwen3-32B-tp2-ctx128-bs512-D,Qwen3-32B-PD-D,2,512,128,34,o_proj,448,0.14079242864889757,0.15052799880504608,0.18432000279426575,0.09011200070381165,0.579584002494812
PD-Qwen3-32B-tp2-ctx128-bs512-D,Qwen3-32B-PD-D,2,512,128,34,post_attention_layernorm,448,0.0171429286066476,0.016672000288963318,0.01852799952030182,0.013663999736309052,0.028672000393271446
PD-Qwen3-32B-tp2-ctx128-bs512-D,Qwen3-32B-PD-D,2,512,128,34,qk_norm_rope,448,0.04677678588944088,0.0469760000705719,0.05052800104022026,0.040031999349594116,0.05939200147986412
PD-Qwen3-32B-tp2-ctx128-bs512-D,Qwen3-32B-PD-D,2,512,128,34,qkv_proj,448,0.09918235764572662,0.09830400347709656,0.10956799983978271,0.0769599974155426,0.2682560086250305
PD-Qwen3-32B-tp2-ctx128-bs512-D,Qwen3-32B-PD-D,2,512,128,35,attention,448,0.10222750015756381,0.10035199671983719,0.11980800330638885,0.0798719972372055,0.20396800339221954
PD-Qwen3-32B-tp2-ctx128-bs512-D,Qwen3-32B-PD-D,2,512,128,35,input_layernorm,448,0.015969357121710864,0.015456000342965126,0.017696000635623932,0.004095999989658594,0.02457600086927414
PD-Qwen3-32B-tp2-ctx128-bs512-D,Qwen3-32B-PD-D,2,512,128,35,mlp,448,0.6742189287074974,0.7055360078811646,0.7587839961051941,0.5611519813537598,2.1676480770111084
PD-Qwen3-32B-tp2-ctx128-bs512-D,Qwen3-32B-PD-D,2,512,128,35,o_proj,448,0.14041142882446625,0.14950400590896606,0.18329599499702454,0.08975999802350998,0.5765119791030884
PD-Qwen3-32B-tp2-ctx128-bs512-D,Qwen3-32B-PD-D,2,512,128,35,post_attention_layernorm,448,0.017266142897174826,0.016704000532627106,0.020128000527620316,0.014336000196635723,0.026623999699950218
PD-Qwen3-32B-tp2-ctx128-bs512-D,Qwen3-32B-PD-D,2,512,128,35,qk_norm_rope,448,0.04671821448885437,0.04633599892258644,0.05097600072622299,0.03993599861860275,0.06143999844789505
PD-Qwen3-32B-tp2-ctx128-bs512-D,Qwen3-32B-PD-D,2,512,128,35,qkv_proj,448,0.0994095718155482,0.09743999689817429,0.10956799983978271,0.0870399996638298,0.26815998554229736
PD-Qwen3-32B-tp2-ctx128-bs512-D,Qwen3-32B-PD-D,2,512,128,36,attention,448,0.10237335752961892,0.1013759970664978,0.11776000261306763,0.08089599758386612,0.20479999482631683
PD-Qwen3-32B-tp2-ctx128-bs512-D,Qwen3-32B-PD-D,2,512,128,36,input_layernorm,448,0.016034785676830716,0.015456000342965126,0.017664000391960144,0.013311999849975109,0.025599999353289604
PD-Qwen3-32B-tp2-ctx128-bs512-D,Qwen3-32B-PD-D,2,512,128,36,mlp,448,0.6760298584454826,0.7072960138320923,0.7617599964141846,0.5601919889450073,2.170880079269409
PD-Qwen3-32B-tp2-ctx128-bs512-D,Qwen3-32B-PD-D,2,512,128,36,o_proj,448,0.14024192891416273,0.15084800124168396,0.18329599499702454,0.08895999938249588,0.5622400045394897
PD-Qwen3-32B-tp2-ctx128-bs512-D,Qwen3-32B-PD-D,2,512,128,36,post_attention_layernorm,448,0.017456428623907932,0.01724799908697605,0.020479999482631683,0.014336000196635723,0.03167999908328056
PD-Qwen3-32B-tp2-ctx128-bs512-D,Qwen3-32B-PD-D,2,512,128,36,qk_norm_rope,448,0.04687635726129104,0.0469760000705719,0.051263999193906784,0.03996799886226654,0.05740800127387047
PD-Qwen3-32B-tp2-ctx128-bs512-D,Qwen3-32B-PD-D,2,512,128,36,qkv_proj,448,0.09919435747100838,0.09753599762916565,0.10956799983978271,0.0870399996638298,0.26815998554229736
PD-Qwen3-32B-tp2-ctx128-bs512-D,Qwen3-32B-PD-D,2,512,128,37,attention,448,0.1021425716878314,0.1013759970664978,0.11776000261306763,0.07903999835252762,0.20259200036525726
PD-Qwen3-32B-tp2-ctx128-bs512-D,Qwen3-32B-PD-D,2,512,128,37,input_layernorm,448,0.016157214245010567,0.015359999611973763,0.018559999763965607,0.009279999881982803,0.047839999198913574
PD-Qwen3-32B-tp2-ctx128-bs512-D,Qwen3-32B-PD-D,2,512,128,37,mlp,448,0.6755882862157055,0.7065600156784058,0.7618560194969177,0.5611519813537598,2.173952102661133
PD-Qwen3-32B-tp2-ctx128-bs512-D,Qwen3-32B-PD-D,2,512,128,37,o_proj,448,0.1398276433049302,0.15052799880504608,0.18329599499702454,0.08806400001049042,0.5744640231132507
PD-Qwen3-32B-tp2-ctx128-bs512-D,Qwen3-32B-PD-D,2,512,128,37,post_attention_layernorm,448,0.017347642885787145,0.016704000532627106,0.020479999482631683,0.014336000196635723,0.027648000046610832
PD-Qwen3-32B-tp2-ctx128-bs512-D,Qwen3-32B-PD-D,2,512,128,37,qk_norm_rope,448,0.04667807155055925,0.04639999940991402,0.051072001457214355,0.03993599861860275,0.062463998794555664
PD-Qwen3-32B-tp2-ctx128-bs512-D,Qwen3-32B-PD-D,2,512,128,37,qkv_proj,448,0.09921085746360145,0.09747199714183807,0.1096000000834465,0.0870399996638298,0.2682879865169525
PD-Qwen3-32B-tp2-ctx128-bs512-D,Qwen3-32B-PD-D,2,512,128,38,attention,448,0.10242185733347599,0.1013759970664978,0.11878400295972824,0.08089599758386612,0.20294399559497833
PD-Qwen3-32B-tp2-ctx128-bs512-D,Qwen3-32B-PD-D,2,512,128,38,input_layernorm,448,0.015961214231668106,0.015359999611973763,0.01740800030529499,0.004095999989658594,0.02956799976527691
PD-Qwen3-32B-tp2-ctx128-bs512-D,Qwen3-32B-PD-D,2,512,128,38,mlp,448,0.6755275736962046,0.7086079716682434,0.7626559734344482,0.5601279735565186,2.1729280948638916
PD-Qwen3-32B-tp2-ctx128-bs512-D,Qwen3-32B-PD-D,2,512,128,38,o_proj,448,0.13990042872527347,0.14950400590896606,0.18534399569034576,0.08806400001049042,0.5813440084457397
PD-Qwen3-32B-tp2-ctx128-bs512-D,Qwen3-32B-PD-D,2,512,128,38,post_attention_layernorm,448,0.017420357147264958,0.016736000776290894,0.01945599913597107,0.013632000423967838,0.050175998359918594
PD-Qwen3-32B-tp2-ctx128-bs512-D,Qwen3-32B-PD-D,2,512,128,38,qk_norm_rope,448,0.046962857321237346,0.04681599885225296,0.05222399905323982,0.03999999910593033,0.0727040022611618
PD-Qwen3-32B-tp2-ctx128-bs512-D,Qwen3-32B-PD-D,2,512,128,38,qkv_proj,448,0.09909214322189135,0.09756799787282944,0.10956799983978271,0.08601599931716919,0.2693119943141937
PD-Qwen3-32B-tp2-ctx128-bs512-D,Qwen3-32B-PD-D,2,512,128,39,attention,448,0.10218450017938656,0.1013759970664978,0.11878400295972824,0.07955200225114822,0.21004800498485565
PD-Qwen3-32B-tp2-ctx128-bs512-D,Qwen3-32B-PD-D,2,512,128,39,input_layernorm,448,0.015871571413299534,0.01548799965530634,0.01740800030529499,0.00508800009265542,0.025599999353289604
PD-Qwen3-32B-tp2-ctx128-bs512-D,Qwen3-32B-PD-D,2,512,128,39,mlp,448,0.675463715834277,0.7073280215263367,0.7615039944648743,0.5589439868927002,2.1758079528808594
PD-Qwen3-32B-tp2-ctx128-bs512-D,Qwen3-32B-PD-D,2,512,128,39,o_proj,448,0.14053307179295058,0.14979200065135956,0.18518400192260742,0.08806400001049042,0.5692480206489563
PD-Qwen3-32B-tp2-ctx128-bs512-D,Qwen3-32B-PD-D,2,512,128,39,post_attention_layernorm,448,0.01719250005304015,0.016607999801635742,0.018592000007629395,0.014015999622642994,0.025312000885605812
PD-Qwen3-32B-tp2-ctx128-bs512-D,Qwen3-32B-PD-D,2,512,128,39,qk_norm_rope,448,0.04668614301564438,0.046431999653577805,0.05119999870657921,0.04025600105524063,0.058368001133203506
PD-Qwen3-32B-tp2-ctx128-bs512-D,Qwen3-32B-PD-D,2,512,128,39,qkv_proj,448,0.09894592898698258,0.09728000313043594,0.10921599715948105,0.08806400001049042,0.2682879865169525
PD-Qwen3-32B-tp2-ctx128-bs512-D,Qwen3-32B-PD-D,2,512,128,40,attention,448,0.10233228592135545,0.10239999741315842,0.11907199770212173,0.0798719972372055,0.20377600193023682
PD-Qwen3-32B-tp2-ctx128-bs512-D,Qwen3-32B-PD-D,2,512,128,40,input_layernorm,448,0.0159518571163062,0.015359999611973763,0.017696000635623932,0.005119999870657921,0.026623999699950218
PD-Qwen3-32B-tp2-ctx128-bs512-D,Qwen3-32B-PD-D,2,512,128,40,mlp,448,0.6744855716824532,0.7052159905433655,0.7598400115966797,0.5601279735565186,2.168704032897949
PD-Qwen3-32B-tp2-ctx128-bs512-D,Qwen3-32B-PD-D,2,512,128,40,o_proj,448,0.1405290719786925,0.15052799880504608,0.18534399569034576,0.09011200070381165,0.5724160075187683
PD-Qwen3-32B-tp2-ctx128-bs512-D,Qwen3-32B-PD-D,2,512,128,40,post_attention_layernorm,448,0.017159000030785267,0.016575999557971954,0.01945599913597107,0.014336000196635723,0.026623999699950218
PD-Qwen3-32B-tp2-ctx128-bs512-D,Qwen3-32B-PD-D,2,512,128,40,qk_norm_rope,448,0.04670835728964968,0.04684799909591675,0.05132799968123436,0.014592000283300877,0.07680000364780426
PD-Qwen3-32B-tp2-ctx128-bs512-D,Qwen3-32B-PD-D,2,512,128,40,qkv_proj,448,0.09922614324438785,0.09804800152778625,0.10956799983978271,0.08681599795818329,0.26710399985313416
PD-Qwen3-32B-tp2-ctx128-bs512-D,Qwen3-32B-PD-D,2,512,128,41,attention,448,0.10217021468893758,0.1013759970664978,0.11897599697113037,0.07884799689054489,0.20479999482631683
PD-Qwen3-32B-tp2-ctx128-bs512-D,Qwen3-32B-PD-D,2,512,128,41,input_layernorm,448,0.016093428550188298,0.015584000386297703,0.01744000054895878,0.01321600005030632,0.036031998693943024
PD-Qwen3-32B-tp2-ctx128-bs512-D,Qwen3-32B-PD-D,2,512,128,41,mlp,448,0.6753864281677774,0.7082880139350891,0.7608320116996765,0.5589439868927002,2.170880079269409
PD-Qwen3-32B-tp2-ctx128-bs512-D,Qwen3-32B-PD-D,2,512,128,41,o_proj,448,0.14089992895190204,0.15039999783039093,0.18636800348758698,0.08806400001049042,0.5724160075187683
PD-Qwen3-32B-tp2-ctx128-bs512-D,Qwen3-32B-PD-D,2,512,128,41,post_attention_layernorm,448,0.017257500017876737,0.01664000004529953,0.01926399953663349,0.014336000196635723,0.030719999223947525
PD-Qwen3-32B-tp2-ctx128-bs512-D,Qwen3-32B-PD-D,2,512,128,41,qk_norm_rope,448,0.04673164302117324,0.04678399860858917,0.05040000006556511,0.04028800129890442,0.06143999844789505
PD-Qwen3-32B-tp2-ctx128-bs512-D,Qwen3-32B-PD-D,2,512,128,41,qkv_proj,448,0.09923850046470761,0.09728000313043594,0.11036799848079681,0.0870399996638298,0.26947200298309326
PD-Qwen3-32B-tp2-ctx128-bs512-D,Qwen3-32B-PD-D,2,512,128,42,attention,448,0.10230600037279405,0.1013759970664978,0.11945600062608719,0.0798719972372055,0.2040960043668747
PD-Qwen3-32B-tp2-ctx128-bs512-D,Qwen3-32B-PD-D,2,512,128,42,input_layernorm,448,0.01593721426200188,0.015359999611973763,0.017535999417304993,0.013311999849975109,0.027648000046610832
PD-Qwen3-32B-tp2-ctx128-bs512-D,Qwen3-32B-PD-D,2,512,128,42,mlp,448,0.6750495005398989,0.7065600156784058,0.7616000175476074,0.5611519813537598,2.17574405670166
PD-Qwen3-32B-tp2-ctx128-bs512-D,Qwen3-32B-PD-D,2,512,128,42,o_proj,448,0.1403275713923254,0.15052799880504608,0.1831039935350418,0.08908800035715103,0.5926399827003479
PD-Qwen3-32B-tp2-ctx128-bs512-D,Qwen3-32B-PD-D,2,512,128,42,post_attention_layernorm,448,0.01737800005191405,0.017152000218629837,0.020479999482631683,0.014336000196635723,0.028672000393271446
PD-Qwen3-32B-tp2-ctx128-bs512-D,Qwen3-32B-PD-D,2,512,128,42,qk_norm_rope,448,0.04660350016950231,0.04608000069856644,0.05119999870657921,0.03993599861860275,0.060416001826524734
PD-Qwen3-32B-tp2-ctx128-bs512-D,Qwen3-32B-PD-D,2,512,128,42,qkv_proj,448,0.0991445719929678,0.09747199714183807,0.10956799983978271,0.08601599931716919,0.2693119943141937
PD-Qwen3-32B-tp2-ctx128-bs512-D,Qwen3-32B-PD-D,2,512,128,43,attention,448,0.10204571442279432,0.1013759970664978,0.11878400295972824,0.0798719972372055,0.20348800718784332
PD-Qwen3-32B-tp2-ctx128-bs512-D,Qwen3-32B-PD-D,2,512,128,43,input_layernorm,448,0.015912785691658167,0.015359999611973763,0.017503999173641205,0.013311999849975109,0.025599999353289604
PD-Qwen3-32B-tp2-ctx128-bs512-D,Qwen3-32B-PD-D,2,512,128,43,mlp,448,0.675102644333882,0.7064639925956726,0.7608320116996765,0.5599039793014526,2.170880079269409
PD-Qwen3-32B-tp2-ctx128-bs512-D,Qwen3-32B-PD-D,2,512,128,43,o_proj,448,0.13968328587777382,0.15052799880504608,0.18329599499702454,0.08806400001049042,0.5722879767417908
PD-Qwen3-32B-tp2-ctx128-bs512-D,Qwen3-32B-PD-D,2,512,128,43,post_attention_layernorm,448,0.01732114289812411,0.016736000776290894,0.01945599913597107,0.014336000196635723,0.03999999910593033
PD-Qwen3-32B-tp2-ctx128-bs512-D,Qwen3-32B-PD-D,2,512,128,43,qk_norm_rope,448,0.04669842872369502,0.04678399860858917,0.05119999870657921,0.03993599861860275,0.05734400078654289
PD-Qwen3-32B-tp2-ctx128-bs512-D,Qwen3-32B-PD-D,2,512,128,43,qkv_proj,448,0.09903021479424622,0.09728000313043594,0.10956799983978271,0.0870399996638298,0.2672640085220337
PD-Qwen3-32B-tp2-ctx128-bs512-D,Qwen3-32B-PD-D,2,512,128,44,attention,448,0.10222521454228886,0.10239999741315842,0.11955200135707855,0.0798719972372055,0.2088959962129593
PD-Qwen3-32B-tp2-ctx128-bs512-D,Qwen3-32B-PD-D,2,512,128,44,input_layernorm,448,0.015954142819932064,0.01548799965530634,0.017632000148296356,0.0050559998489916325,0.02457600086927414
PD-Qwen3-32B-tp2-ctx128-bs512-D,Qwen3-32B-PD-D,2,512,128,44,mlp,448,0.6753629293026668,0.7065600156784058,0.760703980922699,0.562175989151001,2.1780478954315186
PD-Qwen3-32B-tp2-ctx128-bs512-D,Qwen3-32B-PD-D,2,512,128,44,o_proj,448,0.14029357166561698,0.15078400075435638,0.18432000279426575,0.09011200070381165,0.567296028137207
PD-Qwen3-32B-tp2-ctx128-bs512-D,Qwen3-32B-PD-D,2,512,128,44,post_attention_layernorm,448,0.017276142888087116,0.01724799908697605,0.019360000267624855,0.014336000196635723,0.026623999699950218
PD-Qwen3-32B-tp2-ctx128-bs512-D,Qwen3-32B-PD-D,2,512,128,44,qk_norm_rope,448,0.046751000153432996,0.0469760000705719,0.05119999870657921,0.04022400081157684,0.060416001826524734
PD-Qwen3-32B-tp2-ctx128-bs512-D,Qwen3-32B-PD-D,2,512,128,44,qkv_proj,448,0.09915657191803413,0.09728000313043594,0.10956799983978271,0.0870399996638298,0.2680000066757202
PD-Qwen3-32B-tp2-ctx128-bs512-D,Qwen3-32B-PD-D,2,512,128,45,attention,448,0.10165771449516926,0.10127999633550644,0.11856000125408173,0.0798719972372055,0.2027519941329956
PD-Qwen3-32B-tp2-ctx128-bs512-D,Qwen3-32B-PD-D,2,512,128,45,input_layernorm,448,0.016185071392101236,0.015584000386297703,0.01945599913597107,0.005119999870657921,0.030592000111937523
PD-Qwen3-32B-tp2-ctx128-bs512-D,Qwen3-32B-PD-D,2,512,128,45,mlp,448,0.6753392852842808,0.7088320255279541,0.7608320116996765,0.5580800175666809,2.159615993499756
PD-Qwen3-32B-tp2-ctx128-bs512-D,Qwen3-32B-PD-D,2,512,128,45,o_proj,448,0.1398791430318462,0.15052799880504608,0.18329599499702454,0.08806400001049042,0.5765119791030884
PD-Qwen3-32B-tp2-ctx128-bs512-D,Qwen3-32B-PD-D,2,512,128,45,post_attention_layernorm,448,0.01730835720185756,0.01664000004529953,0.020479999482631683,0.004224000032991171,0.028672000393271446
PD-Qwen3-32B-tp2-ctx128-bs512-D,Qwen3-32B-PD-D,2,512,128,45,qk_norm_rope,448,0.046703857369720936,0.04630399867892265,0.050175998359918594,0.04012800008058548,0.07680000364780426
PD-Qwen3-32B-tp2-ctx128-bs512-D,Qwen3-32B-PD-D,2,512,128,45,qkv_proj,448,0.0992427148822961,0.09728000313043594,0.11059200018644333,0.08684799820184708,0.2672640085220337
PD-Qwen3-32B-tp2-ctx128-bs512-D,Qwen3-32B-PD-D,2,512,128,46,attention,448,0.10239728598389775,0.10227199643850327,0.11878400295972824,0.07894399762153625,0.20345599949359894
PD-Qwen3-32B-tp2-ctx128-bs512-D,Qwen3-32B-PD-D,2,512,128,46,input_layernorm,448,0.015940214257820377,0.01539199985563755,0.018079999834299088,0.013279999606311321,0.02486399933695793
PD-Qwen3-32B-tp2-ctx128-bs512-D,Qwen3-32B-PD-D,2,512,128,46,mlp,448,0.6754483571276069,0.7067520022392273,0.7626240253448486,0.5601279735565186,2.1757121086120605
PD-Qwen3-32B-tp2-ctx128-bs512-D,Qwen3-32B-PD-D,2,512,128,46,o_proj,448,0.1409586433853422,0.15052799880504608,0.18432000279426575,0.08908800035715103,0.5744640231132507
PD-Qwen3-32B-tp2-ctx128-bs512-D,Qwen3-32B-PD-D,2,512,128,46,post_attention_layernorm,448,0.017320000048909736,0.017216000705957413,0.01945599913597107,0.014336000196635723,0.04608000069856644
PD-Qwen3-32B-tp2-ctx128-bs512-D,Qwen3-32B-PD-D,2,512,128,46,qk_norm_rope,448,0.04678735734030072,0.04681599885225296,0.051263999193906784,0.04009599983692169,0.05939200147986412
PD-Qwen3-32B-tp2-ctx128-bs512-D,Qwen3-32B-PD-D,2,512,128,46,qkv_proj,448,0.0992280003182324,0.09830400347709656,0.10940799862146378,0.08799999952316284,0.2682879865169525
PD-Qwen3-32B-tp2-ctx128-bs512-D,Qwen3-32B-PD-D,2,512,128,47,attention,448,0.1021230716557641,0.1013759970664978,0.11859200149774551,0.0798719972372055,0.2027519941329956
PD-Qwen3-32B-tp2-ctx128-bs512-D,Qwen3-32B-PD-D,2,512,128,47,input_layernorm,448,0.01604857140461848,0.015456000342965126,0.018144000321626663,0.009216000325977802,0.04479999840259552
PD-Qwen3-32B-tp2-ctx128-bs512-D,Qwen3-32B-PD-D,2,512,128,47,mlp,448,0.6751719290124518,0.707423985004425,0.7598080039024353,0.5611519813537598,2.16646409034729
PD-Qwen3-32B-tp2-ctx128-bs512-D,Qwen3-32B-PD-D,2,512,128,47,o_proj,448,0.1401032858993858,0.1504960060119629,0.18432000279426575,0.07577600330114365,0.5743680000305176
PD-Qwen3-32B-tp2-ctx128-bs512-D,Qwen3-32B-PD-D,2,512,128,47,post_attention_layernorm,448,0.017268000043778948,0.01724799908697605,0.01913600042462349,0.014336000196635723,0.028672000393271446
PD-Qwen3-32B-tp2-ctx128-bs512-D,Qwen3-32B-PD-D,2,512,128,47,qk_norm_rope,448,0.04670550013127338,0.04633599892258644,0.050175998359918594,0.04064000025391579,0.06451199948787689
PD-Qwen3-32B-tp2-ctx128-bs512-D,Qwen3-32B-PD-D,2,512,128,47,qkv_proj,448,0.0991454287931057,0.09750399738550186,0.10956799983978271,0.08601599931716919,0.2682879865169525
PD-Qwen3-32B-tp2-ctx128-bs512-D,Qwen3-32B-PD-D,2,512,128,48,attention,448,0.10242728591297887,0.1013759970664978,0.11974400281906128,0.0798719972372055,0.20553599298000336
PD-Qwen3-32B-tp2-ctx128-bs512-D,Qwen3-32B-PD-D,2,512,128,48,input_layernorm,448,0.015968999970937148,0.01539199985563755,0.018432000651955605,0.012608000077307224,0.04608000069856644
PD-Qwen3-32B-tp2-ctx128-bs512-D,Qwen3-32B-PD-D,2,512,128,48,mlp,448,0.6751278573647141,0.7063040137290955,0.7616959810256958,0.5580800175666809,2.161600112915039
PD-Qwen3-32B-tp2-ctx128-bs512-D,Qwen3-32B-PD-D,2,512,128,48,o_proj,448,0.14062728574832103,0.15030400454998016,0.18534399569034576,0.08806400001049042,0.5775359869003296
PD-Qwen3-32B-tp2-ctx128-bs512-D,Qwen3-32B-PD-D,2,512,128,48,post_attention_layernorm,448,0.01727457147041735,0.01711999997496605,0.01945599913597107,0.013632000423967838,0.02643200010061264
PD-Qwen3-32B-tp2-ctx128-bs512-D,Qwen3-32B-PD-D,2,512,128,48,qk_norm_rope,448,0.04683328587062923,0.04633599892258644,0.051872000098228455,0.03993599861860275,0.08089599758386612
PD-Qwen3-32B-tp2-ctx128-bs512-D,Qwen3-32B-PD-D,2,512,128,48,qkv_proj,448,0.09896564347270344,0.09728000313043594,0.10956799983978271,0.0870399996638298,0.2672640085220337
PD-Qwen3-32B-tp2-ctx128-bs512-D,Qwen3-32B-PD-D,2,512,128,49,attention,448,0.10209985740948468,0.1013759970664978,0.11878400295972824,0.0798719972372055,0.20377600193023682
PD-Qwen3-32B-tp2-ctx128-bs512-D,Qwen3-32B-PD-D,2,512,128,49,input_layernorm,448,0.01616214282070619,0.015424000099301338,0.01945599913597107,0.012319999746978283,0.03500799834728241
PD-Qwen3-32B-tp2-ctx128-bs512-D,Qwen3-32B-PD-D,2,512,128,49,mlp,448,0.6749760014936328,0.7045120000839233,0.7618560194969177,0.5598080158233643,2.188159942626953
PD-Qwen3-32B-tp2-ctx128-bs512-D,Qwen3-32B-PD-D,2,512,128,49,o_proj,448,0.14127421428981637,0.15052799880504608,0.1860480010509491,0.08908800035715103,0.5743359923362732
PD-Qwen3-32B-tp2-ctx128-bs512-D,Qwen3-32B-PD-D,2,512,128,49,post_attention_layernorm,448,0.017211000060862198,0.01708799973130226,0.019168000668287277,0.014336000196635723,0.02537599951028824
PD-Qwen3-32B-tp2-ctx128-bs512-D,Qwen3-32B-PD-D,2,512,128,49,qk_norm_rope,448,0.04697764299843194,0.046911999583244324,0.05222399905323982,0.03788800165057182,0.0727040022611618
PD-Qwen3-32B-tp2-ctx128-bs512-D,Qwen3-32B-PD-D,2,512,128,49,qkv_proj,448,0.09904064334529851,0.09728000313043594,0.11023999750614166,0.08675199747085571,0.26796799898147583
PD-Qwen3-32B-tp2-ctx128-bs512-D,Qwen3-32B-PD-D,2,512,128,50,attention,448,0.10205278585531882,0.1013759970664978,0.11878400295972824,0.07884799689054489,0.20377600193023682
PD-Qwen3-32B-tp2-ctx128-bs512-D,Qwen3-32B-PD-D,2,512,128,50,input_layernorm,448,0.015879499984813656,0.015359999611973763,0.01740800030529499,0.0071680000983178616,0.024320000782608986
PD-Qwen3-32B-tp2-ctx128-bs512-D,Qwen3-32B-PD-D,2,512,128,50,mlp,448,0.6749867147633007,0.7086079716682434,0.7598080039024353,0.5610560178756714,2.1678080558776855
PD-Qwen3-32B-tp2-ctx128-bs512-D,Qwen3-32B-PD-D,2,512,128,50,o_proj,448,0.14051721462913389,0.15056000649929047,0.18329599499702454,0.08892799913883209,0.5652480125427246
PD-Qwen3-32B-tp2-ctx128-bs512-D,Qwen3-32B-PD-D,2,512,128,50,post_attention_layernorm,448,0.017428142885494578,0.01711999997496605,0.01945599913597107,0.005119999870657921,0.04095999896526337
PD-Qwen3-32B-tp2-ctx128-bs512-D,Qwen3-32B-PD-D,2,512,128,50,qk_norm_rope,448,0.0467906429465594,0.04678399860858917,0.05132799968123436,0.03993599861860275,0.060416001826524734
PD-Qwen3-32B-tp2-ctx128-bs512-D,Qwen3-32B-PD-D,2,512,128,50,qkv_proj,448,0.09897407212494207,0.09728000313043594,0.10972800105810165,0.0870399996638298,0.2672640085220337
PD-Qwen3-32B-tp2-ctx128-bs512-D,Qwen3-32B-PD-D,2,512,128,51,attention,448,0.10219035753315049,0.10012800246477127,0.11980800330638885,0.07971200346946716,0.20681600272655487
PD-Qwen3-32B-tp2-ctx128-bs512-D,Qwen3-32B-PD-D,2,512,128,51,input_layernorm,448,0.016008928553284413,0.015424000099301338,0.01740800030529499,0.012640000320971012,0.0490880012512207
PD-Qwen3-32B-tp2-ctx128-bs512-D,Qwen3-32B-PD-D,2,512,128,51,mlp,448,0.6744503567793539,0.7045120000839233,0.7605119943618774,0.5601279735565186,2.1790719032287598
PD-Qwen3-32B-tp2-ctx128-bs512-D,Qwen3-32B-PD-D,2,512,128,51,o_proj,448,0.14010671461333654,0.15062400698661804,0.18329599499702454,0.09011200070381165,0.5806080102920532
PD-Qwen3-32B-tp2-ctx128-bs512-D,Qwen3-32B-PD-D,2,512,128,51,post_attention_layernorm,448,0.01730107149757844,0.017152000218629837,0.019360000267624855,0.009983999654650688,0.02755199931561947
PD-Qwen3-32B-tp2-ctx128-bs512-D,Qwen3-32B-PD-D,2,512,128,51,qk_norm_rope,448,0.046772428713406304,0.046751998364925385,0.05196800082921982,0.04016000032424927,0.060416001826524734
PD-Qwen3-32B-tp2-ctx128-bs512-D,Qwen3-32B-PD-D,2,512,128,51,qkv_proj,448,0.09920021450878787,0.09728000313043594,0.10956799983978271,0.0870399996638298,0.2710399925708771
PD-Qwen3-32B-tp2-ctx128-bs512-D,Qwen3-32B-PD-D,2,512,128,52,attention,448,0.10239435737353883,0.1013759970664978,0.11903999745845795,0.07974400371313095,0.2027519941329956
PD-Qwen3-32B-tp2-ctx128-bs512-D,Qwen3-32B-PD-D,2,512,128,52,input_layernorm,448,0.016124642834516374,0.015424000099301338,0.018432000651955605,0.012319999746978283,0.027904000133275986
PD-Qwen3-32B-tp2-ctx128-bs512-D,Qwen3-32B-PD-D,2,512,128,52,mlp,448,0.6750797860856567,0.707584023475647,0.7608320116996765,0.5611519813537598,2.1780478954315186
PD-Qwen3-32B-tp2-ctx128-bs512-D,Qwen3-32B-PD-D,2,512,128,52,o_proj,448,0.1410669289429539,0.15052799880504608,0.18534399569034576,0.08819200098514557,0.5754879713058472
PD-Qwen3-32B-tp2-ctx128-bs512-D,Qwen3-32B-PD-D,2,512,128,52,post_attention_layernorm,448,0.017217571472948685,0.016704000532627106,0.01913600042462349,0.014336000196635723,0.025599999353289604
PD-Qwen3-32B-tp2-ctx128-bs512-D,Qwen3-32B-PD-D,2,512,128,52,qk_norm_rope,448,0.04664771439274773,0.046751998364925385,0.05119999870657921,0.04022400081157684,0.060416001826524734
PD-Qwen3-32B-tp2-ctx128-bs512-D,Qwen3-32B-PD-D,2,512,128,52,qkv_proj,448,0.0988973575710718,0.09728000313043594,0.10956799983978271,0.07782399654388428,0.2682879865169525
PD-Qwen3-32B-tp2-ctx128-bs512-D,Qwen3-32B-PD-D,2,512,128,53,attention,448,0.10214607163132834,0.1013759970664978,0.11948800086975098,0.08012799918651581,0.20448000729084015
PD-Qwen3-32B-tp2-ctx128-bs512-D,Qwen3-32B-PD-D,2,512,128,53,input_layernorm,448,0.016070999984679344,0.01548799965530634,0.018271999433636665,0.012384000234305859,0.026623999699950218
PD-Qwen3-32B-tp2-ctx128-bs512-D,Qwen3-32B-PD-D,2,512,128,53,mlp,448,0.6757424286167536,0.7086079716682434,0.7608960270881653,0.562175989151001,2.1831679344177246
PD-Qwen3-32B-tp2-ctx128-bs512-D,Qwen3-32B-PD-D,2,512,128,53,o_proj,448,0.14037114305288664,0.15043200552463531,0.18534399569034576,0.08816000074148178,0.5744320154190063
PD-Qwen3-32B-tp2-ctx128-bs512-D,Qwen3-32B-PD-D,2,512,128,53,post_attention_layernorm,448,0.017269285744987428,0.016543999314308167,0.020416000857949257,0.014336000196635723,0.026847999542951584
PD-Qwen3-32B-tp2-ctx128-bs512-D,Qwen3-32B-PD-D,2,512,128,53,qk_norm_rope,448,0.046846714444525005,0.04684799909591675,0.05212799832224846,0.020640000700950623,0.06143999844789505
PD-Qwen3-32B-tp2-ctx128-bs512-D,Qwen3-32B-PD-D,2,512,128,53,qkv_proj,448,0.09897228596465928,0.09756799787282944,0.10956799983978271,0.08720000088214874,0.26927998661994934
PD-Qwen3-32B-tp2-ctx128-bs512-D,Qwen3-32B-PD-D,2,512,128,54,attention,448,0.10209992873881545,0.1013759970664978,0.11776000261306763,0.06339199841022491,0.20550400018692017
PD-Qwen3-32B-tp2-ctx128-bs512-D,Qwen3-32B-PD-D,2,512,128,54,input_layernorm,448,0.015935785690089688,0.015359999611973763,0.018079999834299088,0.013055999763309956,0.02643200010061264
PD-Qwen3-32B-tp2-ctx128-bs512-D,Qwen3-32B-PD-D,2,512,128,54,mlp,448,0.6750470705862556,0.7063999772071838,0.762112021446228,0.5592640042304993,2.1664960384368896
PD-Qwen3-32B-tp2-ctx128-bs512-D,Qwen3-32B-PD-D,2,512,128,54,o_proj,448,0.1399235717087452,0.1502400040626526,0.18534399569034576,0.08928000181913376,0.5767679810523987
PD-Qwen3-32B-tp2-ctx128-bs512-D,Qwen3-32B-PD-D,2,512,128,54,post_attention_layernorm,448,0.017309071417132924,0.01664000004529953,0.021247999742627144,0.014336000196635723,0.029759999364614487
PD-Qwen3-32B-tp2-ctx128-bs512-D,Qwen3-32B-PD-D,2,512,128,54,qk_norm_rope,448,0.046664071668471606,0.04633599892258644,0.050175998359918594,0.04016000032424927,0.07680000364780426
PD-Qwen3-32B-tp2-ctx128-bs512-D,Qwen3-32B-PD-D,2,512,128,54,qkv_proj,448,0.09906921477522701,0.09728000313043594,0.10956799983978271,0.08908800035715103,0.27136000990867615
PD-Qwen3-32B-tp2-ctx128-bs512-D,Qwen3-32B-PD-D,2,512,128,55,attention,448,0.10228871452688638,0.10131199657917023,0.11878400295972824,0.07884799689054489,0.20454399287700653
PD-Qwen3-32B-tp2-ctx128-bs512-D,Qwen3-32B-PD-D,2,512,128,55,input_layernorm,448,0.01609085708748483,0.015519999898970127,0.01759999990463257,0.013279999606311321,0.026623999699950218
PD-Qwen3-32B-tp2-ctx128-bs512-D,Qwen3-32B-PD-D,2,512,128,55,mlp,448,0.6759466439751642,0.7086079716682434,0.7599040269851685,0.5611519813537598,2.1701760292053223
PD-Qwen3-32B-tp2-ctx128-bs512-D,Qwen3-32B-PD-D,2,512,128,55,o_proj,448,0.14052971475757658,0.14982399344444275,0.18432000279426575,0.08806400001049042,0.5655360221862793
PD-Qwen3-32B-tp2-ctx128-bs512-D,Qwen3-32B-PD-D,2,512,128,55,post_attention_layernorm,448,0.017130214321826185,0.016672000288963318,0.01865600049495697,0.014336000196635723,0.028672000393271446
PD-Qwen3-32B-tp2-ctx128-bs512-D,Qwen3-32B-PD-D,2,512,128,55,qk_norm_rope,448,0.046516643113656234,0.04608000069856644,0.050175998359918594,0.03993599861860275,0.07475200295448303
PD-Qwen3-32B-tp2-ctx128-bs512-D,Qwen3-32B-PD-D,2,512,128,55,qkv_proj,448,0.09921414320290621,0.09798400104045868,0.10963200032711029,0.0870399996638298,0.2682879865169525
PD-Qwen3-32B-tp2-ctx128-bs512-D,Qwen3-32B-PD-D,2,512,128,56,attention,448,0.1020532858424953,0.10204800218343735,0.11952000111341476,0.07996799796819687,0.2056639939546585
PD-Qwen3-32B-tp2-ctx128-bs512-D,Qwen3-32B-PD-D,2,512,128,56,input_layernorm,448,0.015940285686935698,0.015359999611973763,0.017664000391960144,0.012512000277638435,0.025599999353289604
PD-Qwen3-32B-tp2-ctx128-bs512-D,Qwen3-32B-PD-D,2,512,128,56,mlp,448,0.6760056420628514,0.707584023475647,0.7621440291404724,0.5592319965362549,2.1770238876342773
PD-Qwen3-32B-tp2-ctx128-bs512-D,Qwen3-32B-PD-D,2,512,128,56,o_proj,448,0.1406892147081505,0.14982399344444275,0.18534399569034576,0.08806400001049042,0.5693119764328003
PD-Qwen3-32B-tp2-ctx128-bs512-D,Qwen3-32B-PD-D,2,512,128,56,post_attention_layernorm,448,0.01737464286894205,0.016704000532627106,0.020447999238967896,0.014175999909639359,0.028672000393271446
PD-Qwen3-32B-tp2-ctx128-bs512-D,Qwen3-32B-PD-D,2,512,128,56,qk_norm_rope,448,0.046933500071255754,0.04639999940991402,0.05119999870657921,0.027871999889612198,0.07760000228881836
PD-Qwen3-32B-tp2-ctx128-bs512-D,Qwen3-32B-PD-D,2,512,128,56,qkv_proj,448,0.09924078604672104,0.09728000313043594,0.10956799983978271,0.0870399996638298,0.2693119943141937
PD-Qwen3-32B-tp2-ctx128-bs512-D,Qwen3-32B-PD-D,2,512,128,57,attention,448,0.10190014303329267,0.10159999877214432,0.11878400295972824,0.07999999821186066,0.2027519941329956
PD-Qwen3-32B-tp2-ctx128-bs512-D,Qwen3-32B-PD-D,2,512,128,57,input_layernorm,448,0.016142642805269652,0.015424000099301338,0.019328000023961067,0.012575999833643436,0.025599999353289604
PD-Qwen3-32B-tp2-ctx128-bs512-D,Qwen3-32B-PD-D,2,512,128,57,mlp,448,0.6757031443661877,0.7094079852104187,0.7618560194969177,0.5580800175666809,2.169856071472168
PD-Qwen3-32B-tp2-ctx128-bs512-D,Qwen3-32B-PD-D,2,512,128,57,o_proj,448,0.14033635727329447,0.14979200065135956,0.18534399569034576,0.08908800035715103,0.5713919997215271
PD-Qwen3-32B-tp2-ctx128-bs512-D,Qwen3-32B-PD-D,2,512,128,57,post_attention_layernorm,448,0.01721435718250827,0.01664000004529953,0.01945599913597107,0.004095999989658594,0.02879999950528145
PD-Qwen3-32B-tp2-ctx128-bs512-D,Qwen3-32B-PD-D,2,512,128,57,qk_norm_rope,448,0.046626857249066234,0.04639999940991402,0.05119999870657921,0.040031999349594116,0.06015999987721443
PD-Qwen3-32B-tp2-ctx128-bs512-D,Qwen3-32B-PD-D,2,512,128,57,qkv_proj,448,0.0989795003884605,0.09728000313043594,0.10956799983978271,0.0870399996638298,0.2682879865169525
PD-Qwen3-32B-tp2-ctx128-bs512-D,Qwen3-32B-PD-D,2,512,128,58,attention,448,0.10212242871057242,0.10239999741315842,0.11878400295972824,0.0790719985961914,0.20377600193023682
PD-Qwen3-32B-tp2-ctx128-bs512-D,Qwen3-32B-PD-D,2,512,128,58,input_layernorm,448,0.015817499941996566,0.015359999611973763,0.01740800030529499,0.013183999806642532,0.027327999472618103
PD-Qwen3-32B-tp2-ctx128-bs512-D,Qwen3-32B-PD-D,2,512,128,58,mlp,448,0.6754528568791491,0.7055360078811646,0.7599359750747681,0.562175989151001,2.1667840480804443
PD-Qwen3-32B-tp2-ctx128-bs512-D,Qwen3-32B-PD-D,2,512,128,58,o_proj,448,0.14060135742849006,0.15052799880504608,0.18432000279426575,0.08908800035715103,0.5713919997215271
PD-Qwen3-32B-tp2-ctx128-bs512-D,Qwen3-32B-PD-D,2,512,128,58,post_attention_layernorm,448,0.017215357170373733,0.016607999801635742,0.01942400075495243,0.014336000196635723,0.024927999824285507
PD-Qwen3-32B-tp2-ctx128-bs512-D,Qwen3-32B-PD-D,2,512,128,58,qk_norm_rope,448,0.046632071574484665,0.04639999940991402,0.050175998359918594,0.04009599983692169,0.0647680014371872
PD-Qwen3-32B-tp2-ctx128-bs512-D,Qwen3-32B-PD-D,2,512,128,58,qkv_proj,448,0.09936771466995456,0.09830400347709656,0.10972800105810165,0.0870399996638298,0.2690240144729614
PD-Qwen3-32B-tp2-ctx128-bs512-D,Qwen3-32B-PD-D,2,512,128,59,attention,448,0.10209300026430615,0.10172799974679947,0.11878400295972824,0.0798719972372055,0.20390400290489197
PD-Qwen3-32B-tp2-ctx128-bs512-D,Qwen3-32B-PD-D,2,512,128,59,input_layernorm,448,0.015983285679664862,0.01548799965530634,0.017472000792622566,0.013311999849975109,0.026623999699950218
PD-Qwen3-32B-tp2-ctx128-bs512-D,Qwen3-32B-PD-D,2,512,128,59,mlp,448,0.6754482137039304,0.7065600156784058,0.7629439830780029,0.5611519813537598,2.1729280948638916
PD-Qwen3-32B-tp2-ctx128-bs512-D,Qwen3-32B-PD-D,2,512,128,59,o_proj,448,0.14063835747739567,0.14950400590896606,0.18432000279426575,0.0899839997291565,0.5766080021858215
PD-Qwen3-32B-tp2-ctx128-bs512-D,Qwen3-32B-PD-D,2,512,128,59,post_attention_layernorm,448,0.017331214311915182,0.017055999487638474,0.020479999482631683,0.014175999909639359,0.025472000241279602
PD-Qwen3-32B-tp2-ctx128-bs512-D,Qwen3-32B-PD-D,2,512,128,59,qk_norm_rope,448,0.04661142880961831,0.04608000069856644,0.051392000168561935,0.03993599861860275,0.058559998869895935
PD-Qwen3-32B-tp2-ctx128-bs512-D,Qwen3-32B-PD-D,2,512,128,59,qkv_proj,448,0.09926578600425273,0.09747199714183807,0.11046399921178818,0.0870399996638298,0.27030399441719055
PD-Qwen3-32B-tp2-ctx128-bs512-D,Qwen3-32B-PD-D,2,512,128,60,attention,448,0.10199464295458581,0.1013759970664978,0.11878400295972824,0.07996799796819687,0.20479999482631683
PD-Qwen3-32B-tp2-ctx128-bs512-D,Qwen3-32B-PD-D,2,512,128,60,input_layernorm,448,0.015776928543346003,0.015359999611973763,0.01740800030529499,0.013120000250637531,0.026623999699950218
PD-Qwen3-32B-tp2-ctx128-bs512-D,Qwen3-32B-PD-D,2,512,128,60,mlp,448,0.6746055011504463,0.7065280079841614,0.7608320116996765,0.5601279735565186,2.1792960166931152
PD-Qwen3-32B-tp2-ctx128-bs512-D,Qwen3-32B-PD-D,2,512,128,60,o_proj,448,0.1395255717548675,0.15052799880504608,0.1842239946126938,0.08908800035715103,0.579584002494812
PD-Qwen3-32B-tp2-ctx128-bs512-D,Qwen3-32B-PD-D,2,512,128,60,post_attention_layernorm,448,0.01704200005250251,0.016607999801635742,0.018592000007629395,0.014336000196635723,0.025919999927282333
PD-Qwen3-32B-tp2-ctx128-bs512-D,Qwen3-32B-PD-D,2,512,128,60,qk_norm_rope,448,0.04660228592443413,0.0461760014295578,0.050175998359918594,0.03923200070858002,0.08316799998283386
PD-Qwen3-32B-tp2-ctx128-bs512-D,Qwen3-32B-PD-D,2,512,128,60,qkv_proj,448,0.09887135762255639,0.09728000313043594,0.10950399935245514,0.08716800063848495,0.27033600211143494
PD-Qwen3-32B-tp2-ctx128-bs512-D,Qwen3-32B-PD-D,2,512,128,61,attention,448,0.10163985728286207,0.10035199671983719,0.11878400295972824,0.0798719972372055,0.20377600193023682
PD-Qwen3-32B-tp2-ctx128-bs512-D,Qwen3-32B-PD-D,2,512,128,61,input_layernorm,448,0.01596521424237705,0.01539199985563755,0.01740800030529499,0.013311999849975109,0.02380800060927868
PD-Qwen3-32B-tp2-ctx128-bs512-D,Qwen3-32B-PD-D,2,512,128,61,mlp,448,0.6755048591377479,0.707360029220581,0.7598080039024353,0.5601279735565186,2.185215950012207
PD-Qwen3-32B-tp2-ctx128-bs512-D,Qwen3-32B-PD-D,2,512,128,61,o_proj,448,0.1394210717241679,0.14950400590896606,0.18432000279426575,0.08799999952316284,0.5765439867973328
PD-Qwen3-32B-tp2-ctx128-bs512-D,Qwen3-32B-PD-D,2,512,128,61,post_attention_layernorm,448,0.017313857151228667,0.01664000004529953,0.020479999482631683,0.014208000153303146,0.027648000046610832
PD-Qwen3-32B-tp2-ctx128-bs512-D,Qwen3-32B-PD-D,2,512,128,61,qk_norm_rope,448,0.046435071571197896,0.04608000069856644,0.05119999870657921,0.039903998374938965,0.06451199948787689
PD-Qwen3-32B-tp2-ctx128-bs512-D,Qwen3-32B-PD-D,2,512,128,61,qkv_proj,448,0.099114000431395,0.09728000313043594,0.10956799983978271,0.08601599931716919,0.27033600211143494
PD-Qwen3-32B-tp2-ctx128-bs512-D,Qwen3-32B-PD-D,2,512,128,62,attention,448,0.10219664307909884,0.1013759970664978,0.11878400295972824,0.07891199737787247,0.20451200008392334
PD-Qwen3-32B-tp2-ctx128-bs512-D,Qwen3-32B-PD-D,2,512,128,62,input_layernorm,448,0.01581292853890253,0.015359999611973763,0.01740800030529499,0.013311999849975109,0.030751999467611313
PD-Qwen3-32B-tp2-ctx128-bs512-D,Qwen3-32B-PD-D,2,512,128,62,mlp,448,0.6754065712115594,0.7062399983406067,0.7627519965171814,0.5591040253639221,2.1719040870666504
PD-Qwen3-32B-tp2-ctx128-bs512-D,Qwen3-32B-PD-D,2,512,128,62,o_proj,448,0.1401536430431796,0.15033599734306335,0.1841920018196106,0.08908800035715103,0.5765119791030884
PD-Qwen3-32B-tp2-ctx128-bs512-D,Qwen3-32B-PD-D,2,512,128,62,post_attention_layernorm,448,0.01713471432075104,0.016607999801635742,0.018751999363303185,0.014336000196635723,0.02579200081527233
PD-Qwen3-32B-tp2-ctx128-bs512-D,Qwen3-32B-PD-D,2,512,128,62,qk_norm_rope,448,0.046497214460811974,0.04608000069856644,0.05100800096988678,0.04022400081157684,0.06070400029420853
PD-Qwen3-32B-tp2-ctx128-bs512-D,Qwen3-32B-PD-D,2,512,128,62,qkv_proj,448,0.09912807183406715,0.09814400225877762,0.10956799983978271,0.08691199868917465,0.2682879865169525
PD-Qwen3-32B-tp2-ctx128-bs512-D,Qwen3-32B-PD-D,2,512,128,63,attention,448,0.10180850011030478,0.1013759970664978,0.11961600184440613,0.08012799918651581,0.20479999482631683
PD-Qwen3-32B-tp2-ctx128-bs512-D,Qwen3-32B-PD-D,2,512,128,63,input_layernorm,448,0.0160277142526216,0.01539199985563755,0.018303999677300453,0.012608000077307224,0.026623999699950218
PD-Qwen3-32B-tp2-ctx128-bs512-D,Qwen3-32B-PD-D,2,512,128,63,mlp,448,0.6751281434137907,0.707584023475647,0.760640025138855,0.562175989151001,2.165760040283203
PD-Qwen3-32B-tp2-ctx128-bs512-D,Qwen3-32B-PD-D,2,512,128,63,o_proj,448,0.1398983575636521,0.14972800016403198,0.18534399569034576,0.08879999816417694,0.5844799876213074
PD-Qwen3-32B-tp2-ctx128-bs512-D,Qwen3-32B-PD-D,2,512,128,63,post_attention_layernorm,448,0.01720578573752261,0.016575999557971954,0.01945599913597107,0.014336000196635723,0.02969600073993206
PD-Qwen3-32B-tp2-ctx128-bs512-D,Qwen3-32B-PD-D,2,512,128,63,qk_norm_rope,448,0.04661321445434753,0.046751998364925385,0.05020799860358238,0.03999999910593033,0.06143999844789505
PD-Qwen3-32B-tp2-ctx128-bs512-D,Qwen3-32B-PD-D,2,512,128,63,qkv_proj,448,0.09902871484934751,0.09721600264310837,0.1098880022764206,0.0798719972372055,0.2720319926738739
